<?xml version="1.0" ?>
<synergyModuleDescription>
	<config id="config.framework.sf_wifi_nsal_nx" path="ssp_cfg/framework/sf_wifi_nsal_nx_cfg.h" version="0">
		<property default="config.framework.sf_wifi_nsal_nx.param_checking_enable.bsp" display="Parameter Checking" id="module.framework.sf_wifi_nsal_nx.param_checking_enable">
			<option display="Default (BSP)" id="config.framework.sf_wifi_nsal_nx.param_checking_enable.bsp" value="(BSP_CFG_PARAM_CHECKING_ENABLE)"/>
			<option display="Enabled" id="module.framework.sf_wifi_nsal_nx.param_checking_enable.enabled" value="(1)"/>
			<option display="Disabled" id="module.framework.sf_wifi_nsal_nx.param_checking_enable.disabled" value="(0)"/>
		</property>
		<content>#define SF_WIFI_NSAL_NX_CFG_PARAM_CHECKING_ENABLE ${module.framework.sf_wifi_nsal_nx.param_checking_enable}
		</content>
	</config>
	<module config="config.framework.sf_wifi_nsal_nx" display="Framework|Networking|Wi-Fi|${module.framework.sf_wifi_nsal_nx.name} NetX Port using Wi-Fi Framework on sf_wifi_nsal_nx" id="module.framework.sf_wifi_nsal_nx" version="1">
		<!--constraint display="Module instances must have unique names">
			"${interface.framework.sf_wifi_nsal_nx.${module.framework.sf_wifi_nsal_nx.name}}" === "1"
		</constraint-->
		<requires interface="_rtos" />
		<requires id="module.framework.sf_wifi_nsal_nx.requires.sf_wifi" interface="interface.framework.sf_wifi" display="Add Wi-Fi Framework Device Driver" >
			<override property="module.framework.sf_wifi.p_callback" value= "NULL"/>
		</requires>
		<provides interface="interface.framework.sf_wifi_nsal" />
        <provides interface="interface.framework.sf_el_nx" />
		<provides interface="interface.framework.sf_wifi_nsal_on_sf_wifi_nsal" />
		<provides interface="interface.framework.sf_wifi_nsal.${module.framework.sf_wifi_nsal_nx.name}" />
		<property default="g_sf_wifi_nsal_nx${_instance}" display="Name" id="module.framework.sf_wifi_nsal_nx.name" >
            <constraint display="Name must be a valid C symbol">testSymbol("${module.framework.sf_wifi_nsal_nx.name}")</constraint>
        </property>
	<includes>#include &quot;nx_api.h&quot;
	#include &quot;sf_wifi_nsal_nx.h&quot;</includes>
	<declarations>
	/** NetX driver entry function. We will take what NetX gives and add on WiFi framework instance. */
	VOID ${module.framework.sf_wifi_nsal_nx.name}(NX_IP_DRIVER * p_driver)
	{
		nsal_netx_driver(p_driver, &amp;${module.framework.sf_wifi_nsal_nx.requires.sf_wifi::module.framework.sf_wifi.name}, (sf_wifi_nsal_cfg_t *)&amp;${module.framework.sf_wifi_nsal_nx.requires.sf_wifi::module.framework.sf_wifi.name}_nsal_cfg);
	}
	</declarations>
	</module>
</synergyModuleDescription>
