<?xml version="1.0" ?>
<synergyModuleDescription>
	<config id="config.framework.sf_wifi_bcm43362" path="ssp_cfg/framework/sf_wifi_bcm43362_cfg.h" version="0">
		<property default="config.framework.sf_wifi.param_checking_enable.bsp" display="Parameter Checking" id="config.framework.sf_wifi.param_checking_enable">
			<option display="Default (BSP)" id="config.framework.sf_wifi.param_checking_enable.bsp" value="(BSP_CFG_PARAM_CHECKING_ENABLE)"/>
			<option display="Enabled" id="config.framework.sf_wifi.param_checking_enable.enabled" value="(1)"/>
			<option display="Disabled" id="config.framework.sf_wifi.param_checking_enable.disabled" value="(0)"/>
		</property>
				<property default="config.framework.sf_wifi.selected_country.united_states" display="Select Country" id="config.framework.sf_wifi.selected_country">
			<option display="AFGHANISTAN" id="config.framework.sf_wifi.selected_country.afghanistan" value="(WICED_COUNTRY_AFGHANISTAN)"/>
			<option display="ALBANIA" id="config.framework.sf_wifi.selected_country.albania" value="(WICED_COUNTRY_ALBANIA)"/>
			<option display="ALGERIA" id="config.framework.sf_wifi.selected_country.algeria" value="(WICED_COUNTRY_ALGERIA)"/>
			<option display="AMERICAN_SAMOA" id="config.framework.sf_wifi.selected_country.american_samoa" value="(WICED_COUNTRY_AMERICAN_SAMOA)"/>
			<option display="ANGOLA" id="config.framework.sf_wifi.selected_country.angola" value="(WICED_COUNTRY_ANGOLA)"/>
			<option display="ANGUILLA" id="config.framework.sf_wifi.selected_country.anguilla" value="(WICED_COUNTRY_ANGUILLA)"/>
			<option display="ANTIGUA_AND_BARBUDA" id="config.framework.sf_wifi.selected_country.antigua_and_barbuda" value="(WICED_COUNTRY_ANTIGUA_AND_BARBUDA)"/>
			<option display="ARGENTINA" id="config.framework.sf_wifi.selected_country.argentina" value="(WICED_COUNTRY_ARGENTINA)"/>
			<option display="ARMENIA" id="config.framework.sf_wifi.selected_country.armenia" value="(WICED_COUNTRY_ARMENIA)"/>
			<option display="ARUBA" id="config.framework.sf_wifi.selected_country.aruba" value="(WICED_COUNTRY_ARUBA)"/>
			<option display="AUSTRALIA" id="config.framework.sf_wifi.selected_country.australia" value="(WICED_COUNTRY_AUSTRALIA)"/>
			<option display="AUSTRIA" id="config.framework.sf_wifi.selected_country.austria" value="(WICED_COUNTRY_AUSTRIA)"/>
			<option display="AZERBAIJAN" id="config.framework.sf_wifi.selected_country.azerbaijan" value="(WICED_COUNTRY_AZERBAIJAN)"/>
			<option display="BAHAMAS" id="config.framework.sf_wifi.selected_country.bahamas" value="(WICED_COUNTRY_BAHAMAS)"/>
			<option display="BAHRAIN" id="config.framework.sf_wifi.selected_country.bahrain" value="(WICED_COUNTRY_BAHRAIN)"/>
			<option display="BAKER_ISLAND" id="config.framework.sf_wifi.selected_country.baker_island" value="(WICED_COUNTRY_BAKER_ISLAND)"/>
			<option display="BANGLADESH" id="config.framework.sf_wifi.selected_country.bangladesh" value="(WICED_COUNTRY_BANGLADESH)"/>
			<option display="BARBADOS" id="config.framework.sf_wifi.selected_country.barbados" value="(WICED_COUNTRY_BARBADOS)"/>
			<option display="BELARUS" id="config.framework.sf_wifi.selected_country.belarus" value="(WICED_COUNTRY_BELARUS)"/>
			<option display="BELGIUM" id="config.framework.sf_wifi.selected_country.belgium" value="(WICED_COUNTRY_BELGIUM)"/>
			<option display="BELIZE" id="config.framework.sf_wifi.selected_country.belize" value="(WICED_COUNTRY_BELIZE)"/>
			<option display="BENIN" id="config.framework.sf_wifi.selected_country.benin" value="(WICED_COUNTRY_BENIN)"/>
			<option display="BERMUDA" id="config.framework.sf_wifi.selected_country.bermuda" value="(WICED_COUNTRY_BERMUDA)"/>
			<option display="BHUTAN" id="config.framework.sf_wifi.selected_country.bhutan" value="(WICED_COUNTRY_BHUTAN)"/>
			<option display="BOLIVIA" id="config.framework.sf_wifi.selected_country.bolivia" value="(WICED_COUNTRY_BOLIVIA)"/>
			<option display="BOSNIA_AND_HERZEGOVINA" id="config.framework.sf_wifi.selected_country.bosnia_and_herzegovina" value="(WICED_COUNTRY_BOSNIA_AND_HERZEGOVINA)"/>
			<option display="BOTSWANA" id="config.framework.sf_wifi.selected_country.botswana" value="(WICED_COUNTRY_BOTSWANA)"/>
			<option display="BRAZIL" id="config.framework.sf_wifi.selected_country.brazil" value="(WICED_COUNTRY_BRAZIL)"/>
			<option display="BRITISH_INDIAN_OCEAN_TERRITORY" id="config.framework.sf_wifi.selected_country.british_indian_ocean_territory" value="(WICED_COUNTRY_BRITISH_INDIAN_OCEAN_TERRITORY)"/>
			<option display="BRUNEI_DARUSSALAM" id="config.framework.sf_wifi.selected_country.brunei_darussalam" value="(WICED_COUNTRY_BRUNEI_DARUSSALAM)"/>
			<option display="BULGARIA" id="config.framework.sf_wifi.selected_country.bulgaria" value="(WICED_COUNTRY_BULGARIA)"/>
			<option display="BURKINA_FASO" id="config.framework.sf_wifi.selected_country.burkina_faso" value="(WICED_COUNTRY_BURKINA_FASO)"/>
			<option display="BURUNDI" id="config.framework.sf_wifi.selected_country.burundi" value="(WICED_COUNTRY_BURUNDI)"/>
			<option display="CAMBODIA" id="config.framework.sf_wifi.selected_country.cambodia" value="(WICED_COUNTRY_CAMBODIA)"/>
			<option display="CAMEROON" id="config.framework.sf_wifi.selected_country.cameroon" value="(WICED_COUNTRY_CAMEROON)"/>
			<option display="CANADA" id="config.framework.sf_wifi.selected_country.canada" value="(WICED_COUNTRY_CANADA)"/>
			<option display="CAPE_VERDE" id="config.framework.sf_wifi.selected_country.cape_verde" value="(WICED_COUNTRY_CAPE_VERDE)"/>
			<option display="CAYMAN_ISLANDS" id="config.framework.sf_wifi.selected_country.cayman_islands" value="(WICED_COUNTRY_CAYMAN_ISLANDS)"/>
			<option display="CENTRAL_AFRICAN_REPUBLIC" id="config.framework.sf_wifi.selected_country.central_african_republic" value="(WICED_COUNTRY_CENTRAL_AFRICAN_REPUBLIC)"/>
			<option display="CHAD" id="config.framework.sf_wifi.selected_country.chad" value="(WICED_COUNTRY_CHAD)"/>
			<option display="CHILE" id="config.framework.sf_wifi.selected_country.chile" value="(WICED_COUNTRY_CHILE)"/>
			<option display="CHINA" id="config.framework.sf_wifi.selected_country.china" value="(WICED_COUNTRY_CHINA)"/>
			<option display="CHRISTMAS_ISLAND" id="config.framework.sf_wifi.selected_country.christmas_island" value="(WICED_COUNTRY_CHRISTMAS_ISLAND)"/>
			<option display="COLOMBIA" id="config.framework.sf_wifi.selected_country.colombia" value="(WICED_COUNTRY_COLOMBIA)"/>
			<option display="COMOROS" id="config.framework.sf_wifi.selected_country.comoros" value="(WICED_COUNTRY_COMOROS)"/>
			<option display="CONGO" id="config.framework.sf_wifi.selected_country.congo" value="(WICED_COUNTRY_CONGO)"/>
			<option display="CONGO_THE_DEMOCRATIC_REPUBLIC_OF_THE" id="config.framework.sf_wifi.selected_country.congo_the_democratic_republic_of_the" value="(WICED_COUNTRY_CONGO_THE_DEMOCRATIC_REPUBLIC_OF_THE)"/>
			<option display="COSTA_RICA" id="config.framework.sf_wifi.selected_country.costa_rica" value="(WICED_COUNTRY_COSTA_RICA)"/>
			<option display="COTE_DIVOIRE" id="config.framework.sf_wifi.selected_country.cote_divoire" value="(WICED_COUNTRY_COTE_DIVOIRE)"/>
			<option display="CROATIA" id="config.framework.sf_wifi.selected_country.croatia" value="(WICED_COUNTRY_CROATIA)"/>
			<option display="CUBA" id="config.framework.sf_wifi.selected_country.cuba" value="(WICED_COUNTRY_CUBA)"/>
			<option display="CYPRUS" id="config.framework.sf_wifi.selected_country.cyprus" value="(WICED_COUNTRY_CYPRUS)"/>
			<option display="CZECH_REPUBLIC" id="config.framework.sf_wifi.selected_country.czech_republic" value="(WICED_COUNTRY_CZECH_REPUBLIC)"/>
			<option display="DENMARK" id="config.framework.sf_wifi.selected_country.denmark" value="(WICED_COUNTRY_DENMARK)"/>
			<option display="DJIBOUTI" id="config.framework.sf_wifi.selected_country.djibouti" value="(WICED_COUNTRY_DJIBOUTI)"/>
			<option display="DOMINICA" id="config.framework.sf_wifi.selected_country.dominica" value="(WICED_COUNTRY_DOMINICA)"/>
			<option display="DOMINICAN_REPUBLIC" id="config.framework.sf_wifi.selected_country.dominican_republic" value="(WICED_COUNTRY_DOMINICAN_REPUBLIC)"/>
			<option display="DOWN_UNDER" id="config.framework.sf_wifi.selected_country.down_under" value="(WICED_COUNTRY_DOWN_UNDER)"/>
			<option display="ECUADOR" id="config.framework.sf_wifi.selected_country.ecuador" value="(WICED_COUNTRY_ECUADOR)"/>
			<option display="EGYPT" id="config.framework.sf_wifi.selected_country.egypt" value="(WICED_COUNTRY_EGYPT)"/>
			<option display="EL_SALVADOR" id="config.framework.sf_wifi.selected_country.el_salvador" value="(WICED_COUNTRY_EL_SALVADOR)"/>
			<option display="EQUATORIAL_GUINEA" id="config.framework.sf_wifi.selected_country.equatorial_guinea" value="(WICED_COUNTRY_EQUATORIAL_GUINEA)"/>
			<option display="ERITREA" id="config.framework.sf_wifi.selected_country.eritrea" value="(WICED_COUNTRY_ERITREA)"/>
			<option display="ESTONIA" id="config.framework.sf_wifi.selected_country.estonia" value="(WICED_COUNTRY_ESTONIA)"/>
			<option display="ETHIOPIA" id="config.framework.sf_wifi.selected_country.ethiopia" value="(WICED_COUNTRY_ETHIOPIA)"/>
			<option display="FALKLAND_ISLANDS_MALVINAS" id="config.framework.sf_wifi.selected_country.falkland_islands_malvinas" value="(WICED_COUNTRY_FALKLAND_ISLANDS_MALVINAS)"/>
			<option display="FAROE_ISLANDS" id="config.framework.sf_wifi.selected_country.faroe_islands" value="(WICED_COUNTRY_FAROE_ISLANDS)"/>
			<option display="FIJI" id="config.framework.sf_wifi.selected_country.fiji" value="(WICED_COUNTRY_FIJI)"/>
			<option display="FINLAND" id="config.framework.sf_wifi.selected_country.finland" value="(WICED_COUNTRY_FINLAND)"/>
			<option display="FRANCE" id="config.framework.sf_wifi.selected_country.france" value="(WICED_COUNTRY_FRANCE)"/>
			<option display="FRENCH_GUINA" id="config.framework.sf_wifi.selected_country.french_guina" value="(WICED_COUNTRY_FRENCH_GUINA)"/>
			<option display="FRENCH_POLYNESIA" id="config.framework.sf_wifi.selected_country.french_polynesia" value="(WICED_COUNTRY_FRENCH_POLYNESIA)"/>
			<option display="FRENCH_SOUTHERN_TERRITORIES" id="config.framework.sf_wifi.selected_country.french_southern_territories" value="(WICED_COUNTRY_FRENCH_SOUTHERN_TERRITORIES)"/>
			<option display="GABON" id="config.framework.sf_wifi.selected_country.gabon" value="(WICED_COUNTRY_GABON)"/>
			<option display="GAMBIA" id="config.framework.sf_wifi.selected_country.gambia" value="(WICED_COUNTRY_GAMBIA)"/>
			<option display="GEORGIA" id="config.framework.sf_wifi.selected_country.georgia" value="(WICED_COUNTRY_GEORGIA)"/>
			<option display="GERMANY" id="config.framework.sf_wifi.selected_country.germany" value="(WICED_COUNTRY_GERMANY)"/>
			<option display="GHANA" id="config.framework.sf_wifi.selected_country.ghana" value="(WICED_COUNTRY_GHANA)"/>
			<option display="GIBRALTAR" id="config.framework.sf_wifi.selected_country.gibraltar" value="(WICED_COUNTRY_GIBRALTAR)"/>
			<option display="GREECE" id="config.framework.sf_wifi.selected_country.greece" value="(WICED_COUNTRY_GREECE)"/>
			<option display="GRENADA" id="config.framework.sf_wifi.selected_country.grenada" value="(WICED_COUNTRY_GRENADA)"/>
			<option display="GUADELOUPE" id="config.framework.sf_wifi.selected_country.guadeloupe" value="(WICED_COUNTRY_GUADELOUPE)"/>
			<option display="GUAM" id="config.framework.sf_wifi.selected_country.guam" value="(WICED_COUNTRY_GUAM)"/>
			<option display="GUATEMALA" id="config.framework.sf_wifi.selected_country.guatemala" value="(WICED_COUNTRY_GUATEMALA)"/>
			<option display="GUERNSEY" id="config.framework.sf_wifi.selected_country.guernsey" value="(WICED_COUNTRY_GUERNSEY)"/>
			<option display="GUINEA" id="config.framework.sf_wifi.selected_country.guinea" value="(WICED_COUNTRY_GUINEA)"/>
			<option display="GUINEA_BISSAU" id="config.framework.sf_wifi.selected_country.guinea_bissau" value="(WICED_COUNTRY_GUINEA_BISSAU)"/>
			<option display="GUYANA" id="config.framework.sf_wifi.selected_country.guyana" value="(WICED_COUNTRY_GUYANA)"/>
			<option display="HAITI" id="config.framework.sf_wifi.selected_country.haiti" value="(WICED_COUNTRY_HAITI)"/>
			<option display="HOLY_SEE_VATICAN_CITY_STATE" id="config.framework.sf_wifi.selected_country.holy_see_vatican_city_state" value="(WICED_COUNTRY_HOLY_SEE_VATICAN_CITY_STATE)"/>
			<option display="HONDURAS" id="config.framework.sf_wifi.selected_country.honduras" value="(WICED_COUNTRY_HONDURAS)"/>
			<option display="HONG_KONG" id="config.framework.sf_wifi.selected_country.hong_kong" value="(WICED_COUNTRY_HONG_KONG)"/>
			<option display="HUNGARY" id="config.framework.sf_wifi.selected_country.hungary" value="(WICED_COUNTRY_HUNGARY)"/>
			<option display="ICELAND" id="config.framework.sf_wifi.selected_country.iceland" value="(WICED_COUNTRY_ICELAND)"/>
			<option display="INDIA" id="config.framework.sf_wifi.selected_country.india" value="(WICED_COUNTRY_INDIA)"/>
			<option display="INDONESIA" id="config.framework.sf_wifi.selected_country.indonesia" value="(WICED_COUNTRY_INDONESIA)"/>
			<option display="IRAN_ISLAMIC_REPUBLIC_OF" id="config.framework.sf_wifi.selected_country.iran_islamic_republic_of" value="(WICED_COUNTRY_IRAN_ISLAMIC_REPUBLIC_OF)"/>
			<option display="IRAQ" id="config.framework.sf_wifi.selected_country.iraq" value="(WICED_COUNTRY_IRAQ)"/>
			<option display="IRELAND" id="config.framework.sf_wifi.selected_country.ireland" value="(WICED_COUNTRY_IRELAND)"/>
			<option display="ISRAEL" id="config.framework.sf_wifi.selected_country.israel" value="(WICED_COUNTRY_ISRAEL)"/>
			<option display="ITALY" id="config.framework.sf_wifi.selected_country.italy" value="(WICED_COUNTRY_ITALY)"/>
			<option display="JAMAICA" id="config.framework.sf_wifi.selected_country.jamaica" value="(WICED_COUNTRY_JAMAICA)"/>
			<option display="JAPAN" id="config.framework.sf_wifi.selected_country.japan" value="(WICED_COUNTRY_JAPAN)"/>
			<option display="JERSEY" id="config.framework.sf_wifi.selected_country.jersey" value="(WICED_COUNTRY_JERSEY)"/>
			<option display="JORDAN" id="config.framework.sf_wifi.selected_country.jordan" value="(WICED_COUNTRY_JORDAN)"/>
			<option display="KAZAKHSTAN" id="config.framework.sf_wifi.selected_country.kazakhstan" value="(WICED_COUNTRY_KAZAKHSTAN)"/>
			<option display="KENYA" id="config.framework.sf_wifi.selected_country.kenya" value="(WICED_COUNTRY_KENYA)"/>
			<option display="KIRIBATI" id="config.framework.sf_wifi.selected_country.kiribati" value="(WICED_COUNTRY_KIRIBATI)"/>
			<option display="KOREA_REPUBLIC_OF" id="config.framework.sf_wifi.selected_country.korea_republic_of" value="(WICED_COUNTRY_KOREA_REPUBLIC_OF)"/>
			<option display="KOSOVO" id="config.framework.sf_wifi.selected_country.kosovo" value="(WICED_COUNTRY_KOSOVO)"/>
			<option display="KUWAIT" id="config.framework.sf_wifi.selected_country.kuwait" value="(WICED_COUNTRY_KUWAIT)"/>
			<option display="KYRGYZSTAN" id="config.framework.sf_wifi.selected_country.kyrgyzstan" value="(WICED_COUNTRY_KYRGYZSTAN)"/>
			<option display="LAO_PEOPLES_DEMOCRATIC_REPUBIC" id="config.framework.sf_wifi.selected_country.lao_peoples_democratic_repubic" value="(WICED_COUNTRY_LAO_PEOPLES_DEMOCRATIC_REPUBIC)"/>
			<option display="LATVIA" id="config.framework.sf_wifi.selected_country.latvia" value="(WICED_COUNTRY_LATVIA)"/>
			<option display="LEBANON" id="config.framework.sf_wifi.selected_country.lebanon" value="(WICED_COUNTRY_LEBANON)"/>
			<option display="LESOTHO" id="config.framework.sf_wifi.selected_country.lesotho" value="(WICED_COUNTRY_LESOTHO)"/>
			<option display="LIBERIA" id="config.framework.sf_wifi.selected_country.liberia" value="(WICED_COUNTRY_LIBERIA)"/>
			<option display="LIBYAN_ARAB_JAMAHIRIYA" id="config.framework.sf_wifi.selected_country.libyan_arab_jamahiriya" value="(WICED_COUNTRY_LIBYAN_ARAB_JAMAHIRIYA)"/>
			<option display="LIECHTENSTEIN" id="config.framework.sf_wifi.selected_country.liechtenstein" value="(WICED_COUNTRY_LIECHTENSTEIN)"/>
			<option display="LITHUANIA" id="config.framework.sf_wifi.selected_country.lithuania" value="(WICED_COUNTRY_LITHUANIA)"/>
			<option display="LUXEMBOURG" id="config.framework.sf_wifi.selected_country.luxembourg" value="(WICED_COUNTRY_LUXEMBOURG)"/>
			<option display="MACAO" id="config.framework.sf_wifi.selected_country.macao" value="(WICED_COUNTRY_MACAO)"/>
			<option display="MACEDONIA_FORMER_YUGOSLAV_REPUBLIC_OF" id="config.framework.sf_wifi.selected_country.macedonia_former_yugoslav_republic_of" value="(WICED_COUNTRY_MACEDONIA_FORMER_YUGOSLAV_REPUBLIC_OF)"/>
			<option display="MADAGASCAR" id="config.framework.sf_wifi.selected_country.madagascar" value="(WICED_COUNTRY_MADAGASCAR)"/>
			<option display="MALAWI" id="config.framework.sf_wifi.selected_country.malawi" value="(WICED_COUNTRY_MALAWI)"/>
			<option display="MALAYSIA" id="config.framework.sf_wifi.selected_country.malaysia" value="(WICED_COUNTRY_MALAYSIA)"/>
			<option display="MALDIVES" id="config.framework.sf_wifi.selected_country.maldives" value="(WICED_COUNTRY_MALDIVES)"/>
			<option display="MALI" id="config.framework.sf_wifi.selected_country.mali" value="(WICED_COUNTRY_MALI)"/>
			<option display="MALTA" id="config.framework.sf_wifi.selected_country.malta" value="(WICED_COUNTRY_MALTA)"/>
			<option display="MAN_ISLE_OF" id="config.framework.sf_wifi.selected_country.man_isle_of" value="(WICED_COUNTRY_MAN_ISLE_OF)"/>
			<option display="MARTINIQUE" id="config.framework.sf_wifi.selected_country.martinique" value="(WICED_COUNTRY_MARTINIQUE)"/>
			<option display="MAURITANIA" id="config.framework.sf_wifi.selected_country.mauritania" value="(WICED_COUNTRY_MAURITANIA)"/>
			<option display="MAURITIUS" id="config.framework.sf_wifi.selected_country.mauritius" value="(WICED_COUNTRY_MAURITIUS)"/>
			<option display="MAYOTTE" id="config.framework.sf_wifi.selected_country.mayotte" value="(WICED_COUNTRY_MAYOTTE)"/>
			<option display="MEXICO" id="config.framework.sf_wifi.selected_country.mexico" value="(WICED_COUNTRY_MEXICO)"/>
			<option display="MICRONESIA_FEDERATED_STATES_OF" id="config.framework.sf_wifi.selected_country.micronesia_federated_states_of" value="(WICED_COUNTRY_MICRONESIA_FEDERATED_STATES_OF)"/>
			<option display="MOLDOVA_REPUBLIC_OF" id="config.framework.sf_wifi.selected_country.moldova_republic_of" value="(WICED_COUNTRY_MOLDOVA_REPUBLIC_OF)"/>
			<option display="MONACO" id="config.framework.sf_wifi.selected_country.monaco" value="(WICED_COUNTRY_MONACO)"/>
			<option display="MONGOLIA" id="config.framework.sf_wifi.selected_country.mongolia" value="(WICED_COUNTRY_MONGOLIA)"/>
			<option display="MONTENEGRO" id="config.framework.sf_wifi.selected_country.montenegro" value="(WICED_COUNTRY_MONTENEGRO)"/>
			<option display="MONTSERRAT" id="config.framework.sf_wifi.selected_country.montserrat" value="(WICED_COUNTRY_MONTSERRAT)"/>
			<option display="MOROCCO" id="config.framework.sf_wifi.selected_country.morocco" value="(WICED_COUNTRY_MOROCCO)"/>
			<option display="MOZAMBIQUE" id="config.framework.sf_wifi.selected_country.mozambique" value="(WICED_COUNTRY_MOZAMBIQUE)"/>
			<option display="MYANMAR" id="config.framework.sf_wifi.selected_country.myanmar" value="(WICED_COUNTRY_MYANMAR)"/>
			<option display="NAMIBIA" id="config.framework.sf_wifi.selected_country.namibia" value="(WICED_COUNTRY_NAMIBIA)"/>
			<option display="NAURU" id="config.framework.sf_wifi.selected_country.nauru" value="(WICED_COUNTRY_NAURU)"/>
			<option display="NEPAL" id="config.framework.sf_wifi.selected_country.nepal" value="(WICED_COUNTRY_NEPAL)"/>
			<option display="NETHERLANDS" id="config.framework.sf_wifi.selected_country.netherlands" value="(WICED_COUNTRY_NETHERLANDS)"/>
			<option display="NETHERLANDS_ANTILLES" id="config.framework.sf_wifi.selected_country.netherlands_antilles" value="(WICED_COUNTRY_NETHERLANDS_ANTILLES)"/>
			<option display="NEW_CALEDONIA" id="config.framework.sf_wifi.selected_country.new_caledonia" value="(WICED_COUNTRY_NEW_CALEDONIA)"/>
			<option display="NEW_ZEALAND" id="config.framework.sf_wifi.selected_country.new_zealand" value="(WICED_COUNTRY_NEW_ZEALAND)"/>
			<option display="NICARAGUA" id="config.framework.sf_wifi.selected_country.nicaragua" value="(WICED_COUNTRY_NICARAGUA)"/>
			<option display="NIGER" id="config.framework.sf_wifi.selected_country.niger" value="(WICED_COUNTRY_NIGER)"/>
			<option display="NIGERIA" id="config.framework.sf_wifi.selected_country.nigeria" value="(WICED_COUNTRY_NIGERIA)"/>
			<option display="NORFOLK_ISLAND" id="config.framework.sf_wifi.selected_country.norfolk_island" value="(WICED_COUNTRY_NORFOLK_ISLAND)"/>
			<option display="NORTHERN_MARIANA_ISLANDS" id="config.framework.sf_wifi.selected_country.northern_mariana_islands" value="(WICED_COUNTRY_NORTHERN_MARIANA_ISLANDS)"/>
			<option display="NORWAY" id="config.framework.sf_wifi.selected_country.norway" value="(WICED_COUNTRY_NORWAY)"/>
			<option display="OMAN" id="config.framework.sf_wifi.selected_country.oman" value="(WICED_COUNTRY_OMAN)"/>
			<option display="PAKISTAN" id="config.framework.sf_wifi.selected_country.pakistan" value="(WICED_COUNTRY_PAKISTAN)"/>
			<option display="PALAU" id="config.framework.sf_wifi.selected_country.palau" value="(WICED_COUNTRY_PALAU)"/>
			<option display="PANAMA" id="config.framework.sf_wifi.selected_country.panama" value="(WICED_COUNTRY_PANAMA)"/>
			<option display="PAPUA_NEW_GUINEA" id="config.framework.sf_wifi.selected_country.papua_new_guinea" value="(WICED_COUNTRY_PAPUA_NEW_GUINEA)"/>
			<option display="PARAGUAY" id="config.framework.sf_wifi.selected_country.paraguay" value="(WICED_COUNTRY_PARAGUAY)"/>
			<option display="PERU" id="config.framework.sf_wifi.selected_country.peru" value="(WICED_COUNTRY_PERU)"/>
			<option display="PHILIPPINES" id="config.framework.sf_wifi.selected_country.philippines" value="(WICED_COUNTRY_PHILIPPINES)"/>
			<option display="POLAND" id="config.framework.sf_wifi.selected_country.poland" value="(WICED_COUNTRY_POLAND)"/>
			<option display="PORTUGAL" id="config.framework.sf_wifi.selected_country.portugal" value="(WICED_COUNTRY_PORTUGAL)"/>
			<option display="PUETO_RICO" id="config.framework.sf_wifi.selected_country.pueto_rico" value="(WICED_COUNTRY_PUETO_RICO)"/>
			<option display="QATAR" id="config.framework.sf_wifi.selected_country.qatar" value="(WICED_COUNTRY_QATAR)"/>
			<option display="REUNION" id="config.framework.sf_wifi.selected_country.reunion" value="(WICED_COUNTRY_REUNION)"/>
			<option display="ROMANIA" id="config.framework.sf_wifi.selected_country.romania" value="(WICED_COUNTRY_ROMANIA)"/>
			<option display="RUSSIAN_FEDERATION" id="config.framework.sf_wifi.selected_country.russian_federation" value="(WICED_COUNTRY_RUSSIAN_FEDERATION)"/>
			<option display="RWANDA" id="config.framework.sf_wifi.selected_country.rwanda" value="(WICED_COUNTRY_RWANDA)"/>
			<option display="SAINT_KITTS_AND_NEVIS" id="config.framework.sf_wifi.selected_country.saint_kitts_and_nevis" value="(WICED_COUNTRY_SAINT_KITTS_AND_NEVIS)"/>
			<option display="SAINT_LUCIA" id="config.framework.sf_wifi.selected_country.saint_lucia" value="(WICED_COUNTRY_SAINT_LUCIA)"/>
			<option display="SAINT_PIERRE_AND_MIQUELON" id="config.framework.sf_wifi.selected_country.saint_pierre_and_miquelon" value="(WICED_COUNTRY_SAINT_PIERRE_AND_MIQUELON)"/>
			<option display="SAINT_VINCENT_AND_THE_GRENADINES" id="config.framework.sf_wifi.selected_country.saint_vincent_and_the_grenadines" value="(WICED_COUNTRY_SAINT_VINCENT_AND_THE_GRENADINES)"/>
			<option display="SAMOA" id="config.framework.sf_wifi.selected_country.samoa" value="(WICED_COUNTRY_SAMOA)"/>
			<option display="SANIT_MARTIN_SINT_MARTEEN" id="config.framework.sf_wifi.selected_country.sanit_martin_sint_marteen" value="(WICED_COUNTRY_SANIT_MARTIN_SINT_MARTEEN)"/>
			<option display="SAO_TOME_AND_PRINCIPE" id="config.framework.sf_wifi.selected_country.sao_tome_and_principe" value="(WICED_COUNTRY_SAO_TOME_AND_PRINCIPE)"/>
			<option display="SAUDI_ARABIA" id="config.framework.sf_wifi.selected_country.saudi_arabia" value="(WICED_COUNTRY_SAUDI_ARABIA)"/>
			<option display="SENEGAL" id="config.framework.sf_wifi.selected_country.senegal" value="(WICED_COUNTRY_SENEGAL)"/>
			<option display="SERBIA" id="config.framework.sf_wifi.selected_country.serbia" value="(WICED_COUNTRY_SERBIA)"/>
			<option display="SEYCHELLES" id="config.framework.sf_wifi.selected_country.seychelles" value="(WICED_COUNTRY_SEYCHELLES)"/>
			<option display="SIERRA_LEONE" id="config.framework.sf_wifi.selected_country.sierra_leone" value="(WICED_COUNTRY_SIERRA_LEONE)"/>
			<option display="SINGAPORE" id="config.framework.sf_wifi.selected_country.singapore" value="(WICED_COUNTRY_SINGAPORE)"/>
			<option display="SLOVAKIA" id="config.framework.sf_wifi.selected_country.slovakia" value="(WICED_COUNTRY_SLOVAKIA)"/>
			<option display="SLOVENIA" id="config.framework.sf_wifi.selected_country.slovenia" value="(WICED_COUNTRY_SLOVENIA)"/>
			<option display="SOLOMON_ISLANDS" id="config.framework.sf_wifi.selected_country.solomon_islands" value="(WICED_COUNTRY_SOLOMON_ISLANDS)"/>
			<option display="SOMALIA" id="config.framework.sf_wifi.selected_country.somalia" value="(WICED_COUNTRY_SOMALIA)"/>
			<option display="SOUTH_AFRICA" id="config.framework.sf_wifi.selected_country.south_africa" value="(WICED_COUNTRY_SOUTH_AFRICA)"/>
			<option display="SPAIN" id="config.framework.sf_wifi.selected_country.spain" value="(WICED_COUNTRY_SPAIN)"/>
			<option display="SRI_LANKA" id="config.framework.sf_wifi.selected_country.sri_lanka" value="(WICED_COUNTRY_SRI_LANKA)"/>
			<option display="SURINAME" id="config.framework.sf_wifi.selected_country.suriname" value="(WICED_COUNTRY_SURINAME)"/>
			<option display="SWAZILAND" id="config.framework.sf_wifi.selected_country.swaziland" value="(WICED_COUNTRY_SWAZILAND)"/>
			<option display="SWEDEN" id="config.framework.sf_wifi.selected_country.sweden" value="(WICED_COUNTRY_SWEDEN)"/>
			<option display="SWITZERLAND" id="config.framework.sf_wifi.selected_country.switzerland" value="(WICED_COUNTRY_SWITZERLAND)"/>
			<option display="SYRIAN_ARAB_REPUBLIC" id="config.framework.sf_wifi.selected_country.syrian_arab_republic" value="(WICED_COUNTRY_SYRIAN_ARAB_REPUBLIC)"/>
			<option display="TAIWAN_PROVINCE_OF_CHINA" id="config.framework.sf_wifi.selected_country.taiwan_province_of_china" value="(WICED_COUNTRY_TAIWAN_PROVINCE_OF_CHINA)"/>
			<option display="TAJIKISTAN" id="config.framework.sf_wifi.selected_country.tajikistan" value="(WICED_COUNTRY_TAJIKISTAN)"/>
			<option display="TANZANIA_UNITED_REPUBLIC_OF" id="config.framework.sf_wifi.selected_country.tanzania_united_republic_of" value="(WICED_COUNTRY_TANZANIA_UNITED_REPUBLIC_OF)"/>
			<option display="THAILAND" id="config.framework.sf_wifi.selected_country.thailand" value="(WICED_COUNTRY_THAILAND)"/>
			<option display="TOGO" id="config.framework.sf_wifi.selected_country.togo" value="(WICED_COUNTRY_TOGO)"/>
			<option display="TONGA" id="config.framework.sf_wifi.selected_country.tonga" value="(WICED_COUNTRY_TONGA)"/>
			<option display="TRINIDAD_AND_TOBAGO" id="config.framework.sf_wifi.selected_country.trinidad_and_tobago" value="(WICED_COUNTRY_TRINIDAD_AND_TOBAGO)"/>
			<option display="TUNISIA" id="config.framework.sf_wifi.selected_country.tunisia" value="(WICED_COUNTRY_TUNISIA)"/>
			<option display="TURKEY" id="config.framework.sf_wifi.selected_country.turkey" value="(WICED_COUNTRY_TURKEY)"/>
			<option display="TURKMENISTAN" id="config.framework.sf_wifi.selected_country.turkmenistan" value="(WICED_COUNTRY_TURKMENISTAN)"/>
			<option display="TURKS_AND_CAICOS_ISLANDS" id="config.framework.sf_wifi.selected_country.turks_and_caicos_islands" value="(WICED_COUNTRY_TURKS_AND_CAICOS_ISLANDS)"/>
			<option display="TUVALU" id="config.framework.sf_wifi.selected_country.tuvalu" value="(WICED_COUNTRY_TUVALU)"/>
			<option display="UGANDA" id="config.framework.sf_wifi.selected_country.uganda" value="(WICED_COUNTRY_UGANDA)"/>
			<option display="UKRAINE" id="config.framework.sf_wifi.selected_country.ukraine" value="(WICED_COUNTRY_UKRAINE)"/>
			<option display="UNITED_ARAB_EMIRATES" id="config.framework.sf_wifi.selected_country.united_arab_emirates" value="(WICED_COUNTRY_UNITED_ARAB_EMIRATES)"/>
			<option display="UNITED_KINGDOM" id="config.framework.sf_wifi.selected_country.united_kingdom" value="(WICED_COUNTRY_UNITED_KINGDOM)"/>
			<option display="UNITED_STATES" id="config.framework.sf_wifi.selected_country.united_states" value="(WICED_COUNTRY_UNITED_STATES)"/>
			<option display="UNITED_STATES_REV4" id="config.framework.sf_wifi.selected_country.united_states_rev4" value="(WICED_COUNTRY_UNITED_STATES_REV4)"/>
			<option display="UNITED_STATES_NO_DFS" id="config.framework.sf_wifi.selected_country.united_states_no_dfs" value="(WICED_COUNTRY_UNITED_STATES_NO_DFS)"/>
			<option display="UNITED_STATES_MINOR_OUTLYING_ISLANDS" id="config.framework.sf_wifi.selected_country.united_states_minor_outlying_islands" value="(WICED_COUNTRY_UNITED_STATES_MINOR_OUTLYING_ISLANDS)"/>
			<option display="URUGUAY" id="config.framework.sf_wifi.selected_country.uruguay" value="(WICED_COUNTRY_URUGUAY)"/>
			<option display="UZBEKISTAN" id="config.framework.sf_wifi.selected_country.uzbekistan" value="(WICED_COUNTRY_UZBEKISTAN)"/>
			<option display="VANUATU" id="config.framework.sf_wifi.selected_country.vanuatu" value="(WICED_COUNTRY_VANUATU)"/>
			<option display="VENEZUELA" id="config.framework.sf_wifi.selected_country.venezuela" value="(WICED_COUNTRY_VENEZUELA)"/>
			<option display="VIET_NAM" id="config.framework.sf_wifi.selected_country.viet_nam" value="(WICED_COUNTRY_VIET_NAM)"/>
			<option display="VIRGIN_ISLANDS_BRITISH" id="config.framework.sf_wifi.selected_country.virgin_islands_british" value="(WICED_COUNTRY_VIRGIN_ISLANDS_BRITISH)"/>
			<option display="VIRGIN_ISLANDS_US" id="config.framework.sf_wifi.selected_country.virgin_islands_us" value="(WICED_COUNTRY_VIRGIN_ISLANDS_US)"/>
			<option display="WALLIS_AND_FUTUNA" id="config.framework.sf_wifi.selected_country.wallis_and_futuna" value="(WICED_COUNTRY_WALLIS_AND_FUTUNA)"/>
			<option display="WEST_BANK" id="config.framework.sf_wifi.selected_country.west_bank" value="(WICED_COUNTRY_WEST_BANK)"/>
			<option display="WESTERN_SAHARA" id="config.framework.sf_wifi.selected_country.western_sahara" value="(WICED_COUNTRY_WESTERN_SAHARA)"/>
			<option display="WORLD_WIDE_XX" id="config.framework.sf_wifi.selected_country.world_wide_xx" value="(WICED_COUNTRY_WORLD_WIDE_XX)"/>
			<option display="YEMEN" id="config.framework.sf_wifi.selected_country.yemen" value="(WICED_COUNTRY_YEMEN)"/>
			<option display="ZAMBIA" id="config.framework.sf_wifi.selected_country.zambia" value="(WICED_COUNTRY_ZAMBIA)"/>
			<option display="ZIMBABWE" id="config.framework.sf_wifi.selected_country.zimbabwe" value="(WICED_COUNTRY_ZIMBABWE)"/>
		</property>
		<content>#define SF_WIFI_BCM43362_CFG_PARAM_CHECKING_ENABLE ${config.framework.sf_wifi.param_checking_enable}
				 #define SF_WIFI_BCM43362_CFG_COUNTRY_CODE          ${config.framework.sf_wifi.selected_country}</content>
	</config>
	<module config="config.framework.sf_wifi_bcm43362" display="Framework|Networking|Wi-Fi|${module.framework.sf_wifi.name} BCM43362 Wi-Fi Device Driver on sf_wifi_bcm43362" id="module.framework.sf_wifi_bcm43362" version="1">
		<constraint display="Module instances must have unique names">
			"${interface.framework.sf_wifi.${module.framework.sf_wifi.name}}" === "1"
		</constraint>
				<constraint display="Requires NetX Source">
			"${interface.el.nx_src}" === "1"
		</constraint>
		<constraint display="Requires NetX Physical Header size to be equal to 44 bytes. Set this option in the Properties for NetX Source.">
			"${config.el.nx_src.physical_header}" === "44"
		</constraint>
		<requires interface="_rtos" />
		<requires id="module.framework.sf_wifi.requires.spi" interface="interface.driver.spi" display="Add SPI Driver" >
		    <override property="module.driver.spi.bit_order" value= "module.driver.spi.bit_order.bit_order_msb_first"/>
			<override property="module.driver.spi.clk_phase" value= "module.driver.spi.clk_phase.clk_phase_edge_odd"/>
            <override property="module.driver.spi.clk_polarity" value= "module.driver.spi.clk_polarity.clk_polarity_low"/>
            <override property="module.driver.spi.mode_fault" value= "module.driver.spi.mode_fault.mode_fault_error_disable"/>
			<override property="module.driver.spi.operating_mode" value= "module.driver.spi.operating_mode.mode_master"/>
			<override property="module.driver.spi.rspi_clksyn" value= "module.driver.spi.rspi_clksyn.bit_order_lsb_first"/>
			<override property="module.driver.spi.rspi_comm" value= "module.driver.spi.rspi_comm.full_duplex"/>
			<override property="module.driver.spi.sslp0" value= "module.driver.spi.sslp0.low"/>
			<override property="module.driver.spi.sslp1" value= "module.driver.spi.sslp1.low"/>
			<override property="module.driver.spi.sslp2" value= "module.driver.spi.sslp2.low"/>
			<override property="module.driver.spi.sslp3" value= "module.driver.spi.sslp3.low"/>
			<override property="module.driver.spi.looback1" value= "module.driver.spi.looback1.normal"/>
			<override property="module.driver.spi.looback2" value= "module.driver.spi.looback2.normal"/>
			<override property="module.driver.spi.mosi_idle_enable" value= "module.driver.spi.mosi_idle_enable.disable"/>
			<override property="module.driver.spi.mosi_idle_value" value= "module.driver.spi.mosi_idle_value.low"/>
			<override property="module.driver.spi.parity_enable" value= "module.driver.spi.parity_enable.disable"/>
			<override property="module.driver.spi.parity_mode" value= "module.driver.spi.parity_mode.even"/>
			<override property="module.driver.spi.ssl_select" value= "module.driver.spi.ssl_select.zero"/>
			<override property="module.driver.spi.ssl_level_keep" value= "module.driver.spi.ssl_level_keep.not_keep"/>
			<override property="module.driver.spi.clock_delay_enable" value= "module.driver.spi.clock_delay_enable.disable"/>
			<override property="module.driver.spi.clock_delay_val" value= "module.driver.spi.clock_delay_val.one"/>
			<override property="module.driver.spi.rspi_ssl_neg_delay_state" value= "module.driver.spi.rspi_ssl_neg_delay_state.disable"/>
			<override property="module.driver.spi.rspi_ssl_neg_delay_count" value= "module.driver.spi.rspi_ssl_neg_delay_count.one"/>
			<override property="module.driver.spi.rspi_next_access_delay_state" value= "module.driver.spi.rspi_next_access_delay_state.disable"/>
			<override property="module.driver.spi.rspi_next_access_delay_count" value= "module.driver.spi.rspi_next_access_delay_count.one"/>
			<override property="module.driver.spi.p_transfer_tx" value= "NULL"/>
			<override property="module.driver.spi.p_transfer_rx" value= "NULL"/>
			<override property="module.driver.spi.p_callback" value= "NULL"/>
		</requires>
        <requires id="module.framework.sf_wifi.requires.external_irq" interface="interface.driver.external_irq" display="Add ICU Driver">
			<override property="module.driver.external_irq.interrupt_enable" value= "module.driver.external_irq.interrupt_enable.true"/>
			<override property="module.driver.external_irq.filter_enable" value= "module.driver.external_irq.filter_enable.false"/>
			<override property="module.driver.external_irq.p_callback" value= "custom_hw_irq_isr"/>
			<override property="module.driver.external_irq.pclk_div" value= "module.driver.external_irq.pclk_div.pclk_div_by_64"/>
			<override property="module.driver.external_irq.trigger" value= "module.driver.external_irq.trigger.trig_rising"/>
		</requires>
		<provides interface="interface.framework.sf_wifi" />
		<provides interface="interface.framework.sf_wifi_on_sf_wifi_bcm43362" />
		<provides interface="interface.framework.sf_wifi.${module.framework.sf_wifi.name}" />
		<provides interface="interface.framework.sf_wifi_bcm43362.${module.framework.sf_wifi.name}" />
		<property default="g_sf_wifi${_instance}" display="Name" id="module.framework.sf_wifi.name">
			<constraint display="Name must be a valid C symbol">testSymbol("${module.framework.sf_wifi.name}")</constraint>
		</property>
		<property default="module.framework.sf_wifi.hw_mode.802_11g" display="Hardware Mode" id="module.framework.sf_wifi.hw_mode">
			<option display="802.11a" id="module.framework.sf_wifi.hw_mode.802_11a" value="SF_WIFI_INTERFACE_HW_MODE_11A"/>
			<option display="802.11b" id="module.framework.sf_wifi.hw_mode.802_11b" value="SF_WIFI_INTERFACE_HW_MODE_11B"/>
			<option display="802.11g" id="module.framework.sf_wifi.hw_mode.802_11g" value="SF_WIFI_INTERFACE_HW_MODE_11G"/>
			<option display="802.11n" id="module.framework.sf_wifi.hw_mode.802_11n" value="SF_WIFI_INTERFACE_HW_MODE_11N"/>
		</property>
		<property default="10" display="Transmit (Tx) Power (Valid Range 1-17)" id="module.framework.sf_wifi.tx_power">
			<constraint display="Value must be in range 1 to 17">
                testInteger("${module.framework.sf_wifi.tx_power}") &amp;&amp; ("${module.framework.sf_wifi.tx_power}" &gt; 0) &amp;&amp; ("${module.framework.sf_wifi.tx_power}" &lt; 18)
            </constraint>
		</property>
		<property default="3" display="Delivery Traffic Indication Message (DTIM) Interval" id="module.framework.sf_wifi.dtim">
			<constraint display="Value must be in range 1 to 255">
                testInteger("${module.framework.sf_wifi.dtim}") &amp;&amp; ("${module.framework.sf_wifi.dtim}" &gt; 0)
				&amp;&amp; ("${module.framework.sf_wifi.dtim}" &lt; 256)
            </constraint>
		</property>
		<property default="module.framework.sf_wifi.wmm.disabled" display="Wi-Fi Multimedia Mode flag (WMM)" id="module.framework.sf_wifi.wmm">
			<option display="Disabled" id="module.framework.sf_wifi.wmm.disabled" value="SF_WIFI_WMM_DISABLE"/>
			<option display="Enabled" id="module.framework.sf_wifi.wmm.enabled" value="SF_WIFI_WMM_ENABLE"/>
		</property>
		<property default="1" display="Maximum Permitted Stations" id="module.framework.sf_wifi.max_stations">
			<constraint display="Value should be greater than 0">
                testInteger("${module.framework.sf_wifi.max_stations}") &amp;&amp; ("${module.framework.sf_wifi.max_stations}" &gt; 0)
            </constraint>
		</property>
		<property default="module.framework.sf_wifi.high_throughput.disabled" display="High Throughput" id="module.framework.sf_wifi.high_throughput">
			<option display="Disabled" id="module.framework.sf_wifi.high_throughput.disabled" value="SF_WIFI_HIGH_THROUGHPUT_DISABLE"/>
			<option display="Enabled" id="module.framework.sf_wifi.high_throughput.enabled" value="SF_WIFI_HIGH_THROUGHPUT_ENABLE"/>
		</property>
		<property default="module.framework.sf_wifi.preamble.short" display="Preamble Type" id="module.framework.sf_wifi.preamble">
			<option display="Short" id="module.framework.sf_wifi.preamble.short" value="SF_WIFI_PREAMBLE_SHORT"/>
			<option display="Long" id="module.framework.sf_wifi.preamble.long" value="SF_WIFI_PREAMBLE_LONG"/>
		</property>
		<property default="module.framework.sf_wifi.ssid_broadcast.enabled" display="Broadcast SSID (AP mode only)" id="module.framework.sf_wifi.ssid_broadcast">
			<option display="Disabled" id="module.framework.sf_wifi.ssid_broadcast.disabled" value="SF_WIFI_SSID_BROADCAST_DISABLE"/>
			<option display="Enabled" id="module.framework.sf_wifi.ssid_broadcast.enabled" value="SF_WIFI_SSID_BROADCAST_ENABLE"/>
		</property>
		<property default="module.framework.sf_wifi.access_control.disabled" display="Wi-Fi Acess Control" id="module.framework.sf_wifi.access_control">
			<option display="Disabled" id="module.framework.sf_wifi.access_control.disabled" value="SF_WIFI_ACCESS_CONTROL_DISABLE"/>
			<option display="Allow" id="module.framework.sf_wifi.access_control.allow" value="SF_WIFI_ACCESS_CONTROL_ALLOW"/>
			<option display="Deny" id="module.framework.sf_wifi.access_control.deny" value="SF_WIFI_ACCESS_CONTROL_DENY"/>
		</property>
		<property default="100" display="Beacon Interval in Microseconds (AP mode only)" id="module.framework.sf_wifi.beacon">
			<constraint display="Value must be greator than or equal to 100">
                testInteger("${module.framework.sf_wifi.beacon}") &amp;&amp; ("${module.framework.sf_wifi.beacon}" &gt; 99)
            </constraint>
		</property>
		<property default="100" display="Station Inactivity Timeout in Microseconds (AP mode only)" id="module.framework.sf_wifi.station_inactivity_timeout">
		<constraint display="Value must be greator than or equal to 100">
                testInteger("${module.framework.sf_wifi.station_inactivity_timeout}") &amp;&amp; ("${module.framework.sf_wifi.station_inactivity_timeout}" &gt; 99)
            </constraint>
		</property>
		<property default="module.framework.sf_wifi.req_high_throughput.disabled" display="Requested High Throughput" id="module.framework.sf_wifi.req_high_throughput">
			<option display="Disabled" id="module.framework.sf_wifi.req_high_throughput.disabled" value="SF_WIFI_MANDATORY_HIGH_THROUGHPUT_DISABLE"/>
			<option display="Enabled" id="module.framework.sf_wifi.req_high_throughput.enabled" value="SF_WIFI_MANDATORY_HIGH_THROUGHPUT_ENABLE"/>
		</property>
		<property default="IOPORT_PORT_06_PIN_00" display="Reset Pin" id="module.framework.sf_wifi.pin_reset">
            <constraint display="Name must be a valid C symbol">testSymbol("${module.framework.sf_wifi.pin_reset}")</constraint>
        </property>
		<property default="IOPORT_PORT_01_PIN_03" display="Slave Select Pin (SSL)" id="module.framework.sf_wifi.pin_slave_select">
            <constraint display="Name must be a valid C symbol">testSymbol("${module.framework.sf_wifi.pin_slave_select}")</constraint>
        </property>
		<property default="0" display="BCM43362 Driver Task Thread Priority (Legal Range from 0 to Max Thread Priorities in THREADX. Modifying Task Thread Priority may cause Driver to malfunction.)" id="module.framework.sf_wifi.driver_task_priority">
			<constraint display="Legal values range from 32 to 1024 and MUST be evenly divisible by 32.">		            			
				testInteger("${module.framework.sf_wifi.driver_task_priority}")
			</constraint>
        </property>
		<property id="module.framework.sf_wifi.p_callback" display="Callback" default="NULL">
            <constraint display="Name must be a valid C symbol">testSymbol("${module.framework.sf_wifi.p_callback}")</constraint>
        </property>
		<property default="g_rx_packet_pool" display="NETX Receive Packet Pool" id="module.framework.sf_wifi.rx_packet_pool" >
            <constraint display="Name must be a valid C symbol">testSymbol("${module.framework.sf_wifi.rx_packet_pool}")</constraint>
        </property>
		<property default="g_internal_packet_pool" display="NETX Packet Pool (Used internally by driver other than Receive Operation)" id="module.framework.sf_wifi.internal_packet_pool" >
            <constraint display="Name must be a valid C symbol">testSymbol("${module.framework.sf_wifi.internal_packet_pool}")</constraint>
        </property>
		<header>
		/** sf_wifi on BCM43362 Wi-Fi Driver instance */
		extern const sf_wifi_instance_t ${module.framework.sf_wifi.name};
		#ifdef ${module.framework.sf_wifi.p_callback}
		#define SF_WIFI_ON_WIFI_BCM43362_CALLBACK_USED_${module.framework.sf_wifi.name} (0)
		#else
		#define SF_WIFI_ON_WIFI_BCM43362_CALLBACK_USED_${module.framework.sf_wifi.name} (1)
		#endif
		#if SF_WIFI_ON_WIFI_BCM43362_CALLBACK_USED_${module.framework.sf_wifi.name}
		/** Declaration of user callback function. This function MUST be defined in the user application.*/
		void ${module.framework.sf_wifi.p_callback}(sf_wifi_callback_args_t * p_args);
		#endif
		extern NX_PACKET_POOL ${module.framework.sf_wifi.rx_packet_pool};
		extern NX_PACKET_POOL ${module.framework.sf_wifi.internal_packet_pool};
		</header>
		<includes>
		#include &quot;sf_wifi_api.h&quot;
		#include &quot;sf_wifi_bcm43362.h&quot;
		#include &quot;sf_wifi_nsal_api.h&quot;
		</includes>
		<declarations>

static const sf_wifi_on_bcm43362_cfg_t ${module.framework.sf_wifi.name}_on_bcm43362_cfg =
{
 .p_lower_lvl_spi 		= &amp;${module.framework.sf_wifi.requires.spi::module.driver.spi.name},
 .p_lower_lvl_icu 		= &amp;${module.framework.sf_wifi.requires.external_irq::module.driver.external_irq.name},
 .pin_reset       		= ${module.framework.sf_wifi.pin_reset},
 .pin_slave_select  	= ${module.framework.sf_wifi.pin_slave_select},
 .driver_task_priority 	= ${module.framework.sf_wifi.driver_task_priority},
 .p_buffer_pool_internal = &amp;${module.framework.sf_wifi.internal_packet_pool}
};

static sf_wifi_ctrl_t ${module.framework.sf_wifi.name}_ctrl;
static const sf_wifi_cfg_t ${module.framework.sf_wifi.name}_cfg =
{
    .mac_addr 		             = {0x0, 0x0, 0x0, 0x0, 0x0, 0x0},
    .hw_mode                     = ${module.framework.sf_wifi.hw_mode},
    .tx_power                    = ${module.framework.sf_wifi.tx_power},
    .rts                         = SF_WIFI_RTS_DISABLE,
    .fragmentation               = 0,
    .dtim                        = ${module.framework.sf_wifi.dtim},
    .high_throughput             = ${module.framework.sf_wifi.high_throughput},
    .preamble                    = ${module.framework.sf_wifi.preamble},
    .wmm                         = ${module.framework.sf_wifi.wmm},
    .max_stations                = ${module.framework.sf_wifi.max_stations},
    .ssid_broadcast              = ${module.framework.sf_wifi.ssid_broadcast},
    .access_control              = ${module.framework.sf_wifi.access_control},
    .beacon                      = ${module.framework.sf_wifi.beacon},
    .station_inactivity_timeout  = ${module.framework.sf_wifi.station_inactivity_timeout},
    .wds                         = SF_WIFI_WDS_DISABLE,
    .req_high_throughput         = ${module.framework.sf_wifi.req_high_throughput},
	.p_buffer_pool_rx			 = &amp;${module.framework.sf_wifi.rx_packet_pool},
	.p_callback					 = ${module.framework.sf_wifi.p_callback},
	.p_context                   = NULL,
    .p_extend                    = &amp;${module.framework.sf_wifi.name}_on_bcm43362_cfg,
};

/* Instance structure to use this module. */
const sf_wifi_instance_t ${module.framework.sf_wifi.name} = 
{
    .p_ctrl        = &amp;${module.framework.sf_wifi.name}_ctrl,
    .p_cfg         = &amp;${module.framework.sf_wifi.name}_cfg,
    .p_api         = &amp;g_sf_wifi_on_sf_wifi_bcm43362
};

/** NSAL Zero copy support configuration */
sf_wifi_nsal_cfg_t ${module.framework.sf_wifi.name}_nsal_cfg = 
{
	.rx_zero_copy = SF_WIFI_NSAL_ZERO_COPY_ENABLE,
	.tx_zero_copy = SF_WIFI_NSAL_ZERO_COPY_ENABLE,
	.p_tx_packet_buffer = NULL,
};
</declarations>
	<init>
		ssp_err_t ssp_err_${module.framework.sf_wifi.name};
		ssp_err_${module.framework.sf_wifi.name} = ${module.framework.sf_wifi.name}.p_api->open(${module.framework.sf_wifi.name}.p_ctrl, ${module.framework.sf_wifi.name}.p_cfg);
		if (SSP_SUCCESS != ssp_err_${module.framework.sf_wifi.name})
		{
			while (1);
		}
        </init>
	</module>
</synergyModuleDescription>
