﻿<?xml version="1.0" encoding="UTF-8"?>
<synergyModuleDescription>
    <config id="config.board.s3a7dk" path="ssp_cfg/bsp/bsp_cfg.h" version="0">
        <property id="config.board.s3a7dk.package" display="Part package" default="config.board.s3a7dk.package.fb" macro="BSP_CFG_MCU_PART_PACKAGE">
            <option id="config.board.s3a7dk.package.bj" display="BJ (BGA/121)" value="0x0" />
            <option id="config.board.s3a7dk.package.bg" display="BG (BGA/176)" value="0x1" />
            <option id="config.board.s3a7dk.package.bd" display="BD (BGA/224)" value="0x2" />
            <option id="config.board.s3a7dk.package.fl" display="FL (LQFP/48)" value="0x3" />
            <option id="config.board.s3a7dk.package.fm" display="FM (LQFP/64)" value="0x4" />
            <option id="config.board.s3a7dk.package.fp" display="FP (LQFP/100)" value="0x5" />
            <option id="config.board.s3a7dk.package.fb" display="FB (LQFP/144)" value="0x6" />
            <option id="config.board.s3a7dk.package.fc" display="FC (LQFP/176)" value="0x7" />
            <option id="config.board.s3a7dk.package.lm" display="LM (LGA/36)" value="0x8" />
            <option id="config.board.s3a7dk.package.la" display="LA (LGA/100/5.5x5.5)" value="0x9" />
            <option id="config.board.s3a7dk.package.lj" display="LJ (LGA/100/7x7)" value="0xA" />
            <option id="config.board.s3a7dk.package.lk" display="LB (LGA/145)" value="0xB" />
            <option id="config.board.s3a7dk.package.nf" display="NF (WQFN/40)" value="0xC" />
            <option id="config.board.s3a7dk.package.ne" display="NE (WQFN/48)" value="0xD" />
            <option id="config.board.s3a7dk.package.nb" display="NB (WQFN/64)" value="0xE" />
        </property>
        <property id="config.board.s3a7dk.memory" display="Part memory size" default="config.board.s3a7dk.memory.c" macro="BSP_CFG_MCU_PART_MEMORY_SIZE">
            <option id="config.board.s3a7dk.memory.h" display="H (4MB/640KB/64KB)" value="0x11" />
            <option id="config.board.s3a7dk.memory.g" display="G (3MB/640KB/64KB)" value="0x10" />
            <option id="config.board.s3a7dk.memory.e" display="E (2MB/512KB/64KB)" value="0x0E" />
            <option id="config.board.s3a7dk.memory.c" display="C (1MB/192KB/16KB)" value="0x0C" />
            <option id="config.board.s3a7dk.memory.a" display="A (512KB/128KB/16KB)" value="0x0A" />
            <option id="config.board.s3a7dk.memory.8" display="8 (256KB/32KB/8KB)" value="0x08" />
            <option id="config.board.s3a7dk.memory.7" display="7 (128KB/24KB/8KB)" value="0x07" />
            <option id="config.board.s3a7dk.memory.6" display="6 (64KB/16KB/4KB)" value="0x06" />
        </property>
        <property id="config.board.s3a7dk.core" display="Core and Frequency" default="config.board.s3a7dk.group.a" macro="BSP_CFG_MCU_PART_CORE">
            <option id="config.board.s3a7dk.group.2" display="CM4, 32MHz" value="0x02" />
            <option id="config.board.s3a7dk.group.a" display="CM4, 48MHz" value="0x0A" />
            <option id="config.board.s3a7dk.group.d" display="CM4, 120MHz" value="0x0D" />
            <option id="config.board.s3a7dk.group.g" display="CM4, 240MHz" value="0x10" />
        </property>
        <property id="config.board.s3a7dk.series" display="Part series" default="config.board.s3a7dk.series.3" macro="BSP_CFG_MCU_PART_SERIES">
            <option id="config.board.s3a7dk.series.1" display="Ultra-low Power (Up to 32MHz)" value="0x1" />
            <option id="config.board.s3a7dk.series.3" display="High-efficiency (33MHz-100MHz)" value="0x3" />
            <option id="config.board.s3a7dk.series.5" display="High-integration (101MHz-200MHz)" value="0x5" />
            <option id="config.board.s3a7dk.series.7" display="High-performance (201MHz-300MHz)" value="0x7" />
        </property>
        <property id="config.board.s3a7dk.main" display="Main stack size (bytes)" default="0x1000" macro="BSP_CFG_STACK_MAIN_BYTES">
            <constraint display="Value must be an integer multiple of 8 and between 8 and 0xFFFFFFFF">testInteger("${config.board.s3a7dk.main}")  &amp;&amp; ("${config.board.s3a7dk.main}" &gt; 0) &amp;&amp; ("${config.board.s3a7dk.main}" % 8 == 0) &amp;&amp; 
			("${config.board.s3a7dk.main}" &lt;= 0xFFFFFFFF)</constraint>
        </property>
        <property id="config.board.s3a7dk.process" display="Process stack size (bytes)" default="0" macro="BSP_CFG_STACK_PROCESS_BYTES">
            <constraint display="Value must be 0 or an integer multiple of 8 between 8 and 0xFFFFFFFF">testInteger("${config.board.s3a7dk.process}")  &amp;&amp; ("${config.board.s3a7dk.process}" &gt;= 0) &amp;&amp; ("${config.board.s3a7dk.process}" % 8 == 0)&amp;&amp; 
			("${config.board.s3a7dk.process}" &lt;= 0xFFFFFFFF)</constraint>
        </property>
        <property id="config.board.s3a7dk.heap" display="Heap size (bytes) - A minimum of 4K (0x1000) is required if standard library functions are to be used." default="0x1000" macro="BSP_CFG_HEAP_BYTES">
            <constraint display="Value must be 0 or an integer multiple of 8 between 8 and 0xFFFFFFFF. A minimum of 4K (0x1000) is required if standard library functions are to be used.">testInteger("${config.board.s3a7dk.heap}") &amp;&amp; ("${config.board.s3a7dk.heap}" &gt;= 0) &amp;&amp; ("${config.board.s3a7dk.heap}" % 8 == 0)&amp;&amp; 
			("${config.board.s3a7dk.heap}" &lt;= 0xFFFFFFFF)</constraint>
        </property>				
       <property default="config.mcu.s3a7.OFS0_Register.default" display="OFS0 register settings" id="config.mcu.s3a7.OFS0">
			<option display="Select fields below" id="config.mcu.s3a7.OFS0_Register.default" value="(0)"/>
        </property>
		<property default="config.mcu.s3a7.OFS0.iwdt_start_mode.disabled" display="     IWDT Start Mode" id="config.mcu.s3a7.OFS0.iwdt_start_mode">
			 <option display="IWDT is Disabled" id="config.mcu.s3a7.OFS0.iwdt_start_mode.disabled" value="1 &lt;&lt; 1"/>
			 <option display="IWDT is automatically activated after a reset (Autostart mode)" id="config.mcu.s3a7.OFS0.iwdt_start_mode.enabled" value="0 &lt;&lt; 1"/>
		</property>
		<property default="config.mcu.s3a7.OFS0.iwdt_timeout.2048" display="     IWDT Timeout Period" id="config.mcu.s3a7.OFS0.iwdt_timeout">
			 <option display="128 cycles" id="config.mcu.s3a7.OFS0.iwdt_timeout.128" value="0 &lt;&lt; 2"/>
			 <option display="512 cycles" id="config.mcu.s3a7.OFS0.iwdt_timeout.512" value="1 &lt;&lt; 2"/>
			 <option display="1024 cycles" id="config.mcu.s3a7.OFS0.iwdt_timeout.1024" value="2 &lt;&lt; 2"/>
			 <option display="2048 cycles" id="config.mcu.s3a7.OFS0.iwdt_timeout.2048" value="3 &lt;&lt; 2"/>
		</property>	
		<property default="config.mcu.s3a7.OFS0.iwdt_divisor.128" display="     IWDT Dedicated Clock Frequency Divisor" id="config.mcu.s3a7.OFS0.iwdt_divisor">
			 <option display="1" id="config.mcu.s3a7.OFS0.iwdt_divisor.1" value="0 &lt;&lt; 4"/>
			 <option display="16" id="config.mcu.s3a7.OFS0.iwdt_divisor.16" value="2 &lt;&lt; 4"/>
			 <option display="32" id="config.mcu.s3a7.OFS0.iwdt_divisor.32" value="3 &lt;&lt; 4"/>
			 <option display="64" id="config.mcu.s3a7.OFS0.iwdt_divisor.64" value="4 &lt;&lt; 4"/>
			 <option display="128" id="config.mcu.s3a7.OFS0.iwdt_divisor.128" value="15 &lt;&lt; 4"/>
			 <option display="256" id="config.mcu.s3a7.OFS0.iwdt_divisor.256" value="5 &lt;&lt; 4"/>
		</property>			
		<property default="config.mcu.s3a7.OFS0.iwdt_window_end.0" display="     IWDT Window End Position" id="config.mcu.s3a7.OFS0.iwdt_window_end">
			 <option display="75%" id="config.mcu.s3a7.OFS0.iwdt_window_end.75" value="0 &lt;&lt; 8"/>
			 <option display="50%" id="config.mcu.s3a7.OFS0.iwdt_window_end.50" value="1 &lt;&lt; 8"/>
			 <option display="25%" id="config.mcu.s3a7.OFS0.iwdt_window_end.25" value="2 &lt;&lt; 8"/>
			 <option display=" 0% (no window end position)" id="config.mcu.s3a7.OFS0.iwdt_window_end.0" value="3 &lt;&lt; 8"/>
		</property>			
		<property default="config.mcu.s3a7.OFS0.iwdt_window_start.100" display="     IWDT Window Start Position" id="config.mcu.s3a7.OFS0.iwdt_window_start">
			 <option display="25%" id="config.mcu.s3a7.OFS0.iwdt_window_start.25" value="0 &lt;&lt; 10"/>
			 <option display="50%" id="config.mcu.s3a7.OFS0.iwdt_window_start.50" value="1 &lt;&lt; 10"/>
			 <option display="75%" id="config.mcu.s3a7.OFS0.iwdt_window_start.75" value="2 &lt;&lt; 10"/>
			 <option display="100% (no window start position)" id="config.mcu.s3a7.OFS0.iwdt_window_start.100" value="3 &lt;&lt; 10"/>
		</property>	
		<property default="config.mcu.s3a7.OFS0.iwdt_reset_interrupt.Reset" display="     IWDT Reset Interrupt Request Select" id="config.mcu.s3a7.OFS0.iwdt_reset_interrupt">
			 <option display="NMI request or interrupt request is enabled" id="config.mcu.s3a7.OFS0.iwdt_reset_interrupt.NMI" value="0 &lt;&lt; 12"/>
			 <option display="Reset is enabled" id="config.mcu.s3a7.OFS0.iwdt_reset_interrupt.Reset" value="1 &lt;&lt; 12"/>
		</property>
		<property default="config.mcu.s3a7.OFS0.iwdt_stop_control.stops" display="     IWDT Stop Control" id="config.mcu.s3a7.OFS0.iwdt_stop_control">
			 <option display="Counting continues" id="config.mcu.s3a7.OFS0.iwdt_stop_control.continues" value="0 &lt;&lt; 14"/>
			 <option display="Stop counting when in Sleep, Snooze mode, Software Standby, or Deep Software Standby mode" id="config.mcu.s3a7.OFS0.iwdt_stop_control.stops" value="1 &lt;&lt; 14"/>
		</property>
		<property default="config.mcu.s3a7.OFS0.wdt_start_mode.register" display="     WDT Start Mode Select" id="config.mcu.s3a7.OFS0.wdt_start_mode">
			 <option display="Automatically activate WDT after a reset (auto-start mode)" id="config.mcu.s3a7.OFS0.wdt_start_mode.auto" value="0 &lt;&lt; 17"/>
			 <option display="Stop WDT after a reset (register-start mode)" id="config.mcu.s3a7.OFS0.wdt_start_mode.register" value="1 &lt;&lt; 17"/>
		</property>
		<property default="config.mcu.s3a7.OFS0.wdt_timeout.16384" display="     WDT Timeout Period" id="config.mcu.s3a7.OFS0.wdt_timeout">
			 <option display="1024 cycles" id="config.mcu.s3a7.OFS0.wdt_timeout.1024" value="0 &lt;&lt; 18"/>
			 <option display="4096 cycles" id="config.mcu.s3a7.OFS0.wdt_timeout.4096" value="1 &lt;&lt; 18"/>
			 <option display="8192 cycles" id="config.mcu.s3a7.OFS0.wdt_timeout.8192" value="2 &lt;&lt; 18"/>
			 <option display="16384 cycles" id="config.mcu.s3a7.OFS0.wdt_timeout.16384" value="3 &lt;&lt; 18"/>
		</property>	
		<property default="config.mcu.s3a7.OFS0.wdt_divisor.128" display="     WDT Clock Frequency Division Ratio" id="config.mcu.s3a7.OFS0.wdt_divisor">
			 <option display="4" id="config.mcu.s3a7.OFS0.wdt_divisor.4" value="1 &lt;&lt; 20"/>
			 <option display="64" id="config.mcu.s3a7.OFS0.wdt_divisor.64" value="4 &lt;&lt; 20"/>
			 <option display="128" id="config.mcu.s3a7.OFS0.wdt_divisor.128" value="15 &lt;&lt; 20"/>
			 <option display="512" id="config.mcu.s3a7.OFS0.wdt_divisor.512" value="6 &lt;&lt; 20"/>
			 <option display="2048" id="config.mcu.s3a7.OFS0.wdt_divisor.2048" value="7 &lt;&lt; 20"/>
			 <option display="8192" id="config.mcu.s3a7.OFS0.wdt_divisor.8192" value="8 &lt;&lt; 20"/>
		</property>			
		<property default="config.mcu.s3a7.OFS0.wdt_window_end.0" display="     WDT Window End Position" id="config.mcu.s3a7.OFS0.wdt_window_end">
			 <option display="75%" id="config.mcu.s3a7.OFS0.wdt_window_end.75" value="0 &lt;&lt; 24"/>
			 <option display="50%" id="config.mcu.s3a7.OFS0.wdt_window_end.50" value="1 &lt;&lt; 24"/>
			 <option display="25%" id="config.mcu.s3a7.OFS0.wdt_window_end.25" value="2 &lt;&lt; 24"/>
			 <option display=" 0% (no window end position)" id="config.mcu.s3a7.OFS0.wdt_window_end.0" value="3 &lt;&lt; 24"/>
		</property>			
		<property default="config.mcu.s3a7.OFS0.wdt_window_start.100" display="     WDT Window Start Position" id="config.mcu.s3a7.OFS0.wdt_window_start">
			 <option display="25%" id="config.mcu.s3a7.OFS0.wdt_window_start.25" value="0 &lt;&lt; 26"/>
			 <option display="50%" id="config.mcu.s3a7.OFS0.wdt_window_start.50" value="1 &lt;&lt; 26"/>
			 <option display="75%" id="config.mcu.s3a7.OFS0.wdt_window_start.75" value="2 &lt;&lt; 26"/>
			 <option display="100% (no window start position)" id="config.mcu.s3a7.OFS0.wdt_window_start.100" value="3 &lt;&lt; 26"/>
		</property>	
		<property default="config.mcu.s3a7.OFS0.wdt_reset_interrupt.Reset" display="     WDT Reset Interrupt Request" id="config.mcu.s3a7.OFS0.wdt_reset_interrupt">
			 <option display="NMI" id="config.mcu.s3a7.OFS0.wdt_reset_interrupt.NMI" value="0 &lt;&lt; 28"/>
			 <option display="Reset" id="config.mcu.s3a7.OFS0.wdt_reset_interrupt.Reset" value="1 &lt;&lt; 28"/>
		</property>
		<property default="config.mcu.s3a7.OFS0.wdt_stop_control.stops" display="     WDT Stop Control" id="config.mcu.s3a7.OFS0.wdt_stop_control">
			 <option display="Counting continues" id="config.mcu.s3a7.OFS0.wdt_stop_control.continues" value="0 &lt;&lt; 30"/>
			 <option display="Stop counting when entering Sleep mode" id="config.mcu.s3a7.OFS0.wdt_stop_control.stops" value="1 &lt;&lt; 30"/>
		</property>	
				
       <property default="config.mcu.s3a7.OFS1_Register.default" display="OFS1 register settings" id="config.mcu.s3a7.OFS1">
			<option display="Select fields below" id="config.mcu.s3a7.OFS1_Register.default" value="(0)"/>
        </property>
		
		<property default="config.mcu.s3a7.OFS1.voltage_detection0.start.disabled" display="     Voltage Detection 0 Circuit Start" id="config.mcu.s3a7.OFS1.voltage_detection0.start">
			 <option display="Voltage monitor 0 reset is enabled after reset" id="config.mcu.s3a7.OFS1.voltage_detection0.start.enabled" value="0 &lt;&lt; 2"/>
			 <option display="Voltage monitor 0 reset is disabled after reset" id="config.mcu.s3a7.OFS1.voltage_detection0.start.disabled" value="1 &lt;&lt; 2"/>
		</property>
		
		<property default="config.mcu.s3a7.OFS1.voltage_detection0_level.190" display="     Voltage Detection 0 Level" id="config.mcu.s3a7.OFS1.voltage_detection0_level">
			 <option display="3.84 V" id="config.mcu.s3a7.OFS1.voltage_detection0_level.384" value="0 &lt;&lt; 3"/>
			 <option display="2.82 V" id="config.mcu.s3a7.OFS1.voltage_detection0_level.282" value="1 &lt;&lt; 3"/>
			 <option display="2.51 V" id="config.mcu.s3a7.OFS1.voltage_detection0_level.251" value="2 &lt;&lt; 3"/>
			 <option display="1.90 V" id="config.mcu.s3a7.OFS1.voltage_detection0_level.190" value="3 &lt;&lt; 3"/>
			 <option display="1.70 V" id="config.mcu.s3a7.OFS1.voltage_detection0_level.170" value="4 &lt;&lt; 3"/>
		</property>	
		
		<property default="config.mcu.s3a7.OFS1.hoco_osc.disabled" display="     HOCO OScillation Enable" id="config.mcu.s3a7.OFS1.hoco_osc">
			 <option display="HOCO oscillation is enabled after reset" id="config.mcu.s3a7.OFS1.hoco_osc.enabled" value="0 &lt;&lt; 8"/>
			 <option display="HOCO oscillation is disabled after reset" id="config.mcu.s3a7.OFS1.hoco_osc.disabled" value="1 &lt;&lt; 8"/>
		</property>
				
		<property id="config.board.s3a7dk.mpu_pc0_enable" display="MPU - Enable or disable PC Region 0" default="config.board.s3a7dk.mpu_pc0_enable.disabled">
            <option id="config.board.s3a7dk.mpu_pc0_enable.enabled" display="Enabled" value="0" />
            <option id="config.board.s3a7dk.mpu_pc0_enable.disabled" display="Disabled" value="1" />
        </property>		
        <property id="config.board.s3a7dk.mpu_pc0_start" display="MPU - PC0 Start" default="0xFFFFFFFF" macro="BSP_CFG_ROM_REG_MPU_PC0_START">  
            <constraint display="Value must be an integer between 0 and 0xFFFFFFFF">testInteger("${config.board.s3a7dk.mpu_pc0_start}") &amp;&amp; ("${config.board.s3a7dk.mpu_pc0_start}" &gt;= 0) &amp;&amp;("${config.board.s3a7dk.mpu_pc0_start}" &lt;= 0xFFFFFFFF)</constraint>		
        </property>
        <property id="config.board.s3a7dk.mpu_pc0_end" display="MPU - PC0 End" default="0xFFFFFFFF" macro="BSP_CFG_ROM_REG_MPU_PC0_END">
            <constraint display="Value must be an integer between 0 and 0xFFFFFFFF">testInteger("${config.board.s3a7dk.mpu_pc0_end}") &amp;&amp; ("${config.board.s3a7dk.mpu_pc0_end}" &gt;= 0) &amp;&amp;("${config.board.s3a7dk.mpu_pc0_end}" &lt;= 0xFFFFFFFF)</constraint>		
        </property>
        <property id="config.board.s3a7dk.mpu_pc1_enable" display="MPU - Enable or disable PC Region 1" default="config.board.s3a7dk.mpu_pc1_enable.disabled">
            <option id="config.board.s3a7dk.mpu_pc1_enable.enabled" display="Enabled" value="0" />
            <option id="config.board.s3a7dk.mpu_pc1_enable.disabled" display="Disabled" value="1" />
        </property>		
        <property id="config.board.s3a7dk.mpu_pc1_start" display="MPU - PC1 Start" default="0xFFFFFFFF" macro="BSP_CFG_ROM_REG_MPU_PC1_START">
            <constraint display="Value must be an integer between 0 and 0xFFFFFFFF">testInteger("${config.board.s3a7dk.mpu_pc1_start}") &amp;&amp; ("${config.board.s3a7dk.mpu_pc1_start}" &gt;= 0) &amp;&amp;("${config.board.s3a7dk.mpu_pc1_start}" &lt;= 0xFFFFFFFF)</constraint>		
        </property>
        <property id="config.board.s3a7dk.mpu_pc1_end" display="MPU - PC1 End" default="0xFFFFFFFF" macro="BSP_CFG_ROM_REG_MPU_PC1_END">
             <constraint display="Value must be an integer between 0 and 0xFFFFFFFF">testInteger("${config.board.s3a7dk.mpu_pc1_end}") &amp;&amp; ("${config.board.s3a7dk.mpu_pc1_end}" &gt;= 0) &amp;&amp;("${config.board.s3a7dk.mpu_pc1_end}" &lt;= 0xFFFFFFFF)</constraint>		
        </property>
       <property id="config.board.s3a7dk.mpu_reg0_enable" display="MPU - Enable or disable Memory Region 0" default="config.board.s3a7dk.mpu_reg0_enable.disabled">
            <option id="config.board.s3a7dk.mpu_reg0_enable.enabled" display="Enabled" value="0" />
            <option id="config.board.s3a7dk.mpu_reg0_enable.disabled" display="Disabled" value="1" />
        </property>		
        <property id="config.board.s3a7dk.mpu_reg0_start" display="MPU - Memory Region 0 Start" default="0xFFFFFFFF" macro="BSP_CFG_ROM_REG_MPU_REGION0_START">
            <constraint display="Value must be an integer between 0 and 0xFFFFFFFF">testInteger("${config.board.s3a7dk.mpu_reg0_start}") &amp;&amp; ("${config.board.s3a7dk.mpu_reg0_start}" &gt;= 0) &amp;&amp;("${config.board.s3a7dk.mpu_reg0_start}" &lt;= 0xFFFFFFFF)</constraint>				
        </property>
        <property id="config.board.s3a7dk.mpu_reg0_end" display="MPU - Memory Region 0 End" default="0xFFFFFFFF" macro="BSP_CFG_ROM_REG_MPU_REGION0_END">
            <constraint display="Value must be an integer between 0 and 0xFFFFFFFF">testInteger("${config.board.s3a7dk.mpu_reg0_end}") &amp;&amp; ("${config.board.s3a7dk.mpu_reg0_end}" &gt;= 0) &amp;&amp;("${config.board.s3a7dk.mpu_reg0_end}" &lt;= 0xFFFFFFFF)</constraint>				
        </property>
        <property id="config.board.s3a7dk.mpu_reg1_enable" display="MPU - Enable or disable Memory Region 1" default="config.board.s3a7dk.mpu_reg1_enable.disabled">
            <option id="config.board.s3a7dk.mpu_reg1_enable.enabled" display="Enabled" value="0" />
            <option id="config.board.s3a7dk.mpu_reg1_enable.disabled" display="Disabled" value="1" />
        </property>
		
        <property id="config.board.s3a7dk.mpu_reg1_start" display="MPU - Memory Region 1 Start" default="0xFFFFFFFF" macro="BSP_CFG_ROM_REG_MPU_REGION1_START">
            <constraint display="Value must be an integer between 0 and 0xFFFFFFFF">testInteger("${config.board.s3a7dk.mpu_reg1_start}") &amp;&amp; ("${config.board.s3a7dk.mpu_reg1_start}" &gt;= 0) &amp;&amp;("${config.board.s3a7dk.mpu_reg1_start}" &lt;= 0xFFFFFFFF)</constraint>				
        </property>
        <property id="config.board.s3a7dk.mpu_reg1_end" display="MPU - Memory Region 1 End" default="0xFFFFFFFF" macro="BSP_CFG_ROM_REG_MPU_REGION1_END">
            <constraint display="Value must be an integer between 0 and 0xFFFFFFFF">testInteger("${config.board.s3a7dk.mpu_reg1_end}") &amp;&amp; ("${config.board.s3a7dk.mpu_reg1_end}" &gt;= 0) &amp;&amp;("${config.board.s3a7dk.mpu_reg1_end}" &lt;= 0xFFFFFFFF)</constraint>				
        </property>
        <property id="config.board.s3a7dk.mpu_reg2_enable" display="MPU - Enable or disable Memory Region 2" default="config.board.s3a7dk.mpu_reg2_enable.disabled">
            <option id="config.board.s3a7dk.mpu_reg2_enable.enabled" display="Enabled" value="0" />
            <option id="config.board.s3a7dk.mpu_reg2_enable.disabled" display="Disabled" value="1" />
        </property>
        <property id="config.board.s3a7dk.mpu_reg2_start" display="MPU - Memory Region 2 Start" default="0xFFFFFFFF" macro="BSP_CFG_ROM_REG_MPU_REGION2_START">
            <constraint display="Value must be an integer between 0 and 0xFFFFFFFF">testInteger("${config.board.s3a7dk.mpu_reg2_start}") &amp;&amp; ("${config.board.s3a7dk.mpu_reg2_start}" &gt;= 0) &amp;&amp;("${config.board.s3a7dk.mpu_reg2_start}" &lt;= 0xFFFFFFFF)</constraint>				
        </property>
        <property id="config.board.s3a7dk.mpu_reg2_end" display="MPU - Memory Region 2 End" default="0xFFFFFFFF" macro="BSP_CFG_ROM_REG_MPU_REGION2_END">
            <constraint display="Value must be an integer between 0 and 0xFFFFFFFF">testInteger("${config.board.s3a7dk.mpu_reg2_end}") &amp;&amp; ("${config.board.s3a7dk.mpu_reg2_end}" &gt;= 0) &amp;&amp;("${config.board.s3a7dk.mpu_reg2_end}" &lt;= 0xFFFFFFFF)</constraint>				
        </property>
        <property id="config.board.s3a7dk.mpu_reg3_enable" display="MPU - Enable or disable Memory Region 3" default="config.board.s3a7dk.mpu_reg3_enable.disabled">
            <option id="config.board.s3a7dk.mpu_reg3_enable.enabled" display="Enabled" value="0" />
            <option id="config.board.s3a7dk.mpu_reg3_enable.disabled" display="Disabled" value="1" />
        </property>
        <property id="config.board.s3a7dk.mpu_reg3_start" display="MPU - Memory Region 3 Start" default="0xFFFFFFFF" macro="BSP_CFG_ROM_REG_MPU_REGION3_START">
            <constraint display="Value must be an integer between 0 and 0xFFFFFFFF">testInteger("${config.board.s3a7dk.mpu_reg3_start}") &amp;&amp; ("${config.board.s3a7dk.mpu_reg3_start}" &gt;= 0) &amp;&amp;("${config.board.s3a7dk.mpu_reg3_start}" &lt;= 0xFFFFFFFF)</constraint>				
        </property>
        <property id="config.board.s3a7dk.mpu_reg3_end" display="MPU - Memory Region 3 End" default="0xFFFFFFFF" macro="BSP_CFG_ROM_REG_MPU_REGION3_END">
            <constraint display="Value must be an integer between 0 and 0xFFFFFFFF">testInteger("${config.board.s3a7dk.mpu_reg3_end}") &amp;&amp; ("${config.board.s3a7dk.mpu_reg3_end}" &gt;= 0) &amp;&amp;("${config.board.s3a7dk.mpu_reg3_end}" &lt;= 0xFFFFFFFF)</constraint>				
        </property>
        <property id="config.board.s3a7dk.id1" display="ID code 1" default="0xFFFFFFFF" macro="BSP_CFG_ID_CODE_LONG_1">
            <constraint display="Value must be an integer between 0 and 0xFFFFFFFF">testInteger("${config.board.s3a7dk.id1}") &amp;&amp; ("${config.board.s3a7dk.id1}" &gt;= 0) &amp;&amp;("${config.board.s3a7dk.id1}" &lt;= 0xFFFFFFFF)</constraint>				
        </property>
         <property id="config.board.s3a7dk.id2" display="ID code 2" default="0xFFFFFFFF" macro="BSP_CFG_ID_CODE_LONG_2">
            <constraint display="Value must be an integer between 0 and 0xFFFFFFFF">testInteger("${config.board.s3a7dk.id2}") &amp;&amp; ("${config.board.s3a7dk.id2}" &gt;= 0) &amp;&amp;("${config.board.s3a7dk.id2}" &lt;= 0xFFFFFFFF)</constraint>				
        </property>
         <property id="config.board.s3a7dk.id3" display="ID code 3" default="0xFFFFFFFF" macro="BSP_CFG_ID_CODE_LONG_3">
            <constraint display="Value must be an integer between 0 and 0xFFFFFFFF">testInteger("${config.board.s3a7dk.id3}") &amp;&amp; ("${config.board.s3a7dk.id3}" &gt;= 0) &amp;&amp;("${config.board.s3a7dk.id3}" &lt;= 0xFFFFFFFF)</constraint>				
        </property>
         <property id="config.board.s3a7dk.id4" display="ID code 4" default="0xFFFFFFFF" macro="BSP_CFG_ID_CODE_LONG_4">
            <constraint display="Value must be an integer between 0 and 0xFFFFFFFF">testInteger("${config.board.s3a7dk.id4}") &amp;&amp; ("${config.board.s3a7dk.id4}" &gt;= 0) &amp;&amp;("${config.board.s3a7dk.id4}" &lt;= 0xFFFFFFFF)</constraint>				
        </property>
        <property id="config.board.common.vcc" display="MCU Vcc (mV)" default="3300" macro="BSP_CFG_MCU_VCC_MV">
            <constraint display="Value must between 0 and 4600 (4.6V)">testInteger("${config.board.common.vcc}") &amp;&amp; ("${config.board.common.vcc}" &gt;= 0) &amp;&amp; ("${config.board.common.vcc}" &lt;= 4600)</constraint>
        </property>
        <property id="config.board.common.checking" display="Parameter checking" default="config.board.common.checking.enabled">
            <option id="config.board.common.checking.enabled" display="Enabled" value="1" />
            <option id="config.board.common.checking.disabled" display="Disabled" value="0" />
        </property>
        <property id="config.board.common.rtos" display="RTOS being used" default="config.board.common.rtos.none">
            <option id="config.board.common.rtos.none" display="No RTOS" value="0" />
            <option id="config.board.common.rtos.tx" display="ThreadX" value="1" />
            <option id="config.board.common.rtos.other" display="Other" value="2" />
        </property>
        <property id="config.board.common.assert" display="Assert Failures" default="config.board.common.assert.none">
            <option id="config.board.common.assert.none" display="Return SSP_ERR_ASSERTION" value="0" />
            <option id="config.board.common.assert.ssp_error_log" display="Call ssp_error_log then Return SSP_ERR_ASSERTION" value="1" />
            <option id="config.board.common.assert.assert" display="Use assert() to Halt Execution" value="2" />
        </property>
        <property id="config.board.common.error_log" display="Error Log" default="config.board.common.error_log.none">
            <option id="config.board.common.error_log.none" display="No Error Log" value="0" />
            <option id="config.board.common.error_log.ssp_error_log" display="Errors Logged in ssp_error_log" value="1" />
        </property>
        <content>
            #define BSP_BOARD_S3A7_DK
            #define BSP_CFG_MCU_PART_PACKAGE (${config.board.s3a7dk.package})
            #define BSP_CFG_MCU_PART_MEMORY_SIZE (${config.board.s3a7dk.memory})
            #define BSP_CFG_MCU_PART_CORE (${config.board.s3a7dk.core})
            #define BSP_CFG_MCU_PART_SERIES (${config.board.s3a7dk.series})
            #define BSP_CFG_STACK_MAIN_BYTES (${config.board.s3a7dk.main})
            #define BSP_CFG_STACK_PROCESS_BYTES (${config.board.s3a7dk.process})
            #define BSP_CFG_HEAP_BYTES (${config.board.s3a7dk.heap})
            #define OFS_SEQ1 0xA001A001 | (${config.mcu.s3a7.OFS0.iwdt_start_mode}) | (${config.mcu.s3a7.OFS0.iwdt_timeout})
            #define OFS_SEQ2 (${config.mcu.s3a7.OFS0.iwdt_divisor}) | (${config.mcu.s3a7.OFS0.iwdt_window_end}) | (${config.mcu.s3a7.OFS0.iwdt_window_start})
            #define OFS_SEQ3 (${config.mcu.s3a7.OFS0.iwdt_reset_interrupt}) | (${config.mcu.s3a7.OFS0.iwdt_stop_control}) | (${config.mcu.s3a7.OFS0.wdt_start_mode})
            #define OFS_SEQ4 (${config.mcu.s3a7.OFS0.wdt_timeout}) |(${config.mcu.s3a7.OFS0.wdt_divisor}) | (${config.mcu.s3a7.OFS0.wdt_window_end}) | (${config.mcu.s3a7.OFS0.wdt_window_start})
            #define OFS_SEQ5 (${config.mcu.s3a7.OFS0.wdt_reset_interrupt}) | (${config.mcu.s3a7.OFS0.wdt_stop_control})           
            #define BSP_CFG_ROM_REG_OFS0 (OFS_SEQ1 | OFS_SEQ2 | OFS_SEQ3 | OFS_SEQ4 | OFS_SEQ5)           
            #define BSP_CFG_ROM_REG_OFS1 (0xFFFFFEC3 | (${config.mcu.s3a7.OFS1.voltage_detection0.start}) | (${config.mcu.s3a7.OFS1.voltage_detection0_level}) | (${config.mcu.s3a7.OFS1.hoco_osc}))			
            #define BSP_CFG_ROM_REG_MPU_PC0_ENABLE (${config.board.s3a7dk.mpu_pc0_enable})
            #define BSP_CFG_ROM_REG_MPU_PC0_START (${config.board.s3a7dk.mpu_pc0_start})
            #define BSP_CFG_ROM_REG_MPU_PC0_END (${config.board.s3a7dk.mpu_pc0_end})
            #define BSP_CFG_ROM_REG_MPU_PC1_ENABLE (${config.board.s3a7dk.mpu_pc1_enable})
            #define BSP_CFG_ROM_REG_MPU_PC1_START (${config.board.s3a7dk.mpu_pc1_start})
            #define BSP_CFG_ROM_REG_MPU_PC1_END (${config.board.s3a7dk.mpu_pc1_end})
            #define BSP_CFG_ROM_REG_MPU_REGION0_ENABLE (${config.board.s3a7dk.mpu_reg0_enable})
            #define BSP_CFG_ROM_REG_MPU_REGION0_START (${config.board.s3a7dk.mpu_reg0_start})
            #define BSP_CFG_ROM_REG_MPU_REGION0_END (${config.board.s3a7dk.mpu_reg0_end})
            #define BSP_CFG_ROM_REG_MPU_REGION1_ENABLE (${config.board.s3a7dk.mpu_reg1_enable})
            #define BSP_CFG_ROM_REG_MPU_REGION1_START (${config.board.s3a7dk.mpu_reg1_start})
            #define BSP_CFG_ROM_REG_MPU_REGION1_END (${config.board.s3a7dk.mpu_reg1_end})
            #define BSP_CFG_ROM_REG_MPU_REGION2_ENABLE (${config.board.s3a7dk.mpu_reg2_enable})
            #define BSP_CFG_ROM_REG_MPU_REGION2_START (${config.board.s3a7dk.mpu_reg2_start})
            #define BSP_CFG_ROM_REG_MPU_REGION2_END (${config.board.s3a7dk.mpu_reg2_end})
            #define BSP_CFG_ROM_REG_MPU_REGION3_ENABLE (${config.board.s3a7dk.mpu_reg3_enable})
            #define BSP_CFG_ROM_REG_MPU_REGION3_START (${config.board.s3a7dk.mpu_reg3_start})
            #define BSP_CFG_ROM_REG_MPU_REGION3_END (${config.board.s3a7dk.mpu_reg3_end})
            #define BSP_CFG_ID_CODE_LONG_1 (${config.board.s3a7dk.id1})
            #define BSP_CFG_ID_CODE_LONG_2 (${config.board.s3a7dk.id2})
            #define BSP_CFG_ID_CODE_LONG_3 (${config.board.s3a7dk.id3})
            #define BSP_CFG_ID_CODE_LONG_4 (${config.board.s3a7dk.id4})
            #define BSP_CFG_MCU_VCC_MV (${config.board.common.vcc})
            #define BSP_CFG_PARAM_CHECKING_ENABLE (${config.board.common.checking})
            #define BSP_CFG_RTOS (${config.board.common.rtos})
            #define BSP_CFG_ASSERT (${config.board.common.assert})
            #define BSP_CFG_ERROR_LOG (${config.board.common.error_log})
        </content>
    </config>   
    <board id="board.s3a7dk" config="config.board.s3a7dk" display="S3A7 DK" device="R7FS3A77C3A01CFB" version="0">
        <icu>
            <option display="Priority 0 (highest)" id="board.icu.common.irq.priority0" macroValue="(0)"/>
            <option display="Priority 1" id="board.icu.common.irq.priority1" macroValue="(1)"/>
            <option display="Priority 2" id="board.icu.common.irq.priority2" macroValue="(2)"/>
            <option display="Priority 3" id="board.icu.common.irq.priority3" macroValue="(3)"/>
            <option display="Priority 4" id="board.icu.common.irq.priority4" macroValue="(4)"/>
            <option display="Priority 5" id="board.icu.common.irq.priority5" macroValue="(5)"/>
            <option display="Priority 6" id="board.icu.common.irq.priority6" macroValue="(6)"/>
            <option display="Priority 7" id="board.icu.common.irq.priority7" macroValue="(7)"/>
            <option display="Priority 8" id="board.icu.common.irq.priority8" macroValue="(8)"/>
            <option display="Priority 9" id="board.icu.common.irq.priority9" macroValue="(9)"/>
            <option display="Priority 10" id="board.icu.common.irq.priority10" macroValue="(10)"/>
            <option display="Priority 11" id="board.icu.common.irq.priority11" macroValue="(11)"/>
            <option display="Priority 12" id="board.icu.common.irq.priority12" macroValue="(12)"/>
            <option display="Priority 13" id="board.icu.common.irq.priority13" macroValue="(13)"/>
            <option display="Priority 14" id="board.icu.common.irq.priority14" macroValue="(14)"/>
            <option display="Priority 15 (lowest, not valid if using ThreadX)" id="board.icu.common.irq.priority15" macroValue="(15)"/>
            <option display="Disabled" id="board.icu.common.irq.disabled" macroValue="(BSP_IRQ_DISABLED)"/>
            <group display="ADC" id="board.icu.adc">
                <group display="ADC0" id="board.icu.adc.adc0">
                    <node default="board.icu.common.irq.disabled" display="ADC0 SCAN END" id="board.icu.adc.adc0.scan_end" macroName="BSP_IRQ_CFG_ADC0_SCAN_END"/>
                    <node default="board.icu.common.irq.disabled" display="ADC0 SCAN END B" id="board.icu.adc.adc0.scan_end_b" macroName="BSP_IRQ_CFG_ADC0_SCAN_END_B"/>
                    <node default="board.icu.common.irq.disabled" display="ADC0 WINDOW A" id="board.icu.adc.adc0.window_a" macroName="BSP_IRQ_CFG_ADC0_WINDOW_A"/>
                    <node default="board.icu.common.irq.disabled" display="ADC0 WINDOW B" id="board.icu.adc.adc0.window_b" macroName="BSP_IRQ_CFG_ADC0_WINDOW_B"/>
                    <node default="board.icu.common.irq.disabled" display="ADC0 COMPARE MATCH" id="board.icu.adc.adc0.compare_match" macroName="BSP_IRQ_CFG_ADC0_COMPARE_MATCH"/>
                    <node default="board.icu.common.irq.disabled" display="ADC0 COMPARE MISMATCH" id="board.icu.adc.adc0.compare_mismatch" macroName="BSP_IRQ_CFG_ADC0_COMPARE_MISMATCH"/>
                </group>
            </group>
            <group display="AGT" id="board.icu.agt">
                <group display="AGT0" id="board.icu.agt.agt0">
                    <node default="board.icu.common.irq.disabled" display="AGT0 INT" id="board.icu.agt.agt0.int" macroName="BSP_IRQ_CFG_AGT0_INT"/>
                    <node default="board.icu.common.irq.disabled" display="AGT0 COMPARE A" id="board.icu.agt.agt0.compare_a" macroName="BSP_IRQ_CFG_AGT0_COMPARE_A"/>
                    <node default="board.icu.common.irq.disabled" display="AGT0 COMPARE B" id="board.icu.agt.agt0.compare_b" macroName="BSP_IRQ_CFG_AGT0_COMPARE_B"/>
                </group>
                <group display="AGT1" id="board.icu.agt.agt1">
                    <node default="board.icu.common.irq.disabled" display="AGT1 INT" id="board.icu.agt.agt1.int" macroName="BSP_IRQ_CFG_AGT1_INT"/>
                    <node default="board.icu.common.irq.disabled" display="AGT1 COMPARE A" id="board.icu.agt.agt1.compare_a" macroName="BSP_IRQ_CFG_AGT1_COMPARE_A"/>
                    <node default="board.icu.common.irq.disabled" display="AGT1 COMPARE B" id="board.icu.agt.agt1.compare_b" macroName="BSP_IRQ_CFG_AGT1_COMPARE_B"/>
                </group>
            </group>
            <group display="CAC" id="board.icu.cac">
                <node default="board.icu.common.irq.disabled" display="CAC FREQUENCY ERROR" id="board.icu.cac.frequency_error" macroName="BSP_IRQ_CFG_CAC_FREQUENCY_ERROR"/>
                <node default="board.icu.common.irq.disabled" display="CAC MEASUREMENT END" id="board.icu.cac.measurement_end" macroName="BSP_IRQ_CFG_CAC_MEASUREMENT_END"/>
                <node default="board.icu.common.irq.disabled" display="CAC OVERFLOW" id="board.icu.cac.overflow" macroName="BSP_IRQ_CFG_CAC_OVERFLOW"/>
            </group>
            <group display="CAN" id="board.icu.can">
                <group display="CAN0" id="board.icu.can.can0">
                    <node default="board.icu.common.irq.disabled" display="CAN0 ERROR" id="board.icu.can.can0.error" macroName="BSP_IRQ_CFG_CAN0_ERROR"/>
                    <node default="board.icu.common.irq.disabled" display="CAN0 FIFO RX" id="board.icu.can.can0.fifo_rx" macroName="BSP_IRQ_CFG_CAN0_FIFO_RX"/>
                    <node default="board.icu.common.irq.disabled" display="CAN0 FIFO TX" id="board.icu.can.can0.fifo_tx" macroName="BSP_IRQ_CFG_CAN0_FIFO_TX"/>
                    <node default="board.icu.common.irq.disabled" display="CAN0 MAILBOX RX" id="board.icu.can.can0.mailbox_rx" macroName="BSP_IRQ_CFG_CAN0_MAILBOX_RX"/>
                    <node default="board.icu.common.irq.disabled" display="CAN0 MAILBOX TX" id="board.icu.can.can0.mailbox_tx" macroName="BSP_IRQ_CFG_CAN0_MAILBOX_TX"/>
                </group>
            </group>
            <group display="CGC" id="board.icu.cgc">
                <node default="board.icu.common.irq.disabled" display="CGC MOSC STOP" id="board.icu.cgc.mosc_stop" macroName="BSP_IRQ_CFG_CGC_MOSC_STOP"/>
            </group>
            <group display="COMP" id="board.icu.comp">
                <node default="board.icu.common.irq.disabled" display="COMP HS 0" id="board.icu.comp.hs_0" macroName="BSP_IRQ_CFG_COMP_HS_0"/>
                <node default="board.icu.common.irq.disabled" display="COMP HS 1" id="board.icu.comp.hs_1" macroName="BSP_IRQ_CFG_COMP_HS_1"/>
                <node default="board.icu.common.irq.disabled" display="COMP LP 0" id="board.icu.comp.lp_0" macroName="BSP_IRQ_CFG_COMP_LP_0"/>
                <node default="board.icu.common.irq.disabled" display="COMP LP 1" id="board.icu.comp.lp_1" macroName="BSP_IRQ_CFG_COMP_LP_1"/>
            </group>
            <group display="CTSU" id="board.icu.ctsu">
                <node default="board.icu.common.irq.disabled" display="CTSU WRITE" id="board.icu.ctsu.write" macroName="BSP_IRQ_CFG_CTSU_WRITE"/>
                <node default="board.icu.common.irq.disabled" display="CTSU READ" id="board.icu.ctsu.read" macroName="BSP_IRQ_CFG_CTSU_READ"/>
                <node default="board.icu.common.irq.disabled" display="CTSU END" id="board.icu.ctsu.end" macroName="BSP_IRQ_CFG_CTSU_END"/>
            </group>
            <group display="DMAC" id="board.icu.dmac">
                <group display="DMAC0" id="board.icu.dmac.dmac0">
                    <node default="board.icu.common.irq.disabled" display="DMAC0 INT" id="board.icu.dmac.dmac0.int" macroName="BSP_IRQ_CFG_DMAC0_INT"/>
                </group>
                <group display="DMAC1" id="board.icu.dmac.dmac1">
                    <node default="board.icu.common.irq.disabled" display="DMAC1 INT" id="board.icu.dmac.dmac1.int" macroName="BSP_IRQ_CFG_DMAC1_INT"/>
                </group>
                <group display="DMAC2" id="board.icu.dmac.dmac2">
                    <node default="board.icu.common.irq.disabled" display="DMAC2 INT" id="board.icu.dmac.dmac2.int" macroName="BSP_IRQ_CFG_DMAC2_INT"/>
                </group>
                <group display="DMAC3" id="board.icu.dmac.dmac3">
                    <node default="board.icu.common.irq.disabled" display="DMAC3 INT" id="board.icu.dmac.dmac3.int" macroName="BSP_IRQ_CFG_DMAC3_INT"/>
                </group>
            </group>
            <group display="DOC" id="board.icu.doc">
                <node default="board.icu.common.irq.disabled" display="DOC INT" id="board.icu.doc.int" macroName="BSP_IRQ_CFG_DOC_INT"/>
            </group>
            <group display="DTC" id="board.icu.dtc">
                <node default="board.icu.common.irq.disabled" display="DTC COMPLETE" id="board.icu.dtc.complete" macroName="BSP_IRQ_CFG_DTC_COMPLETE"/>
                <node default="board.icu.common.irq.disabled" display="DTC END" id="board.icu.dtc.end" macroName="BSP_IRQ_CFG_DTC_END"/>
            </group>
            <group display="ELC" id="board.icu.elc">
                <node default="board.icu.common.irq.disabled" display="ELC SOFTWARE EVENT 0" id="board.icu.elc.software_event_0" macroName="BSP_IRQ_CFG_ELC_SOFTWARE_EVENT_0"/>
                <node default="board.icu.common.irq.disabled" display="ELC SOFTWARE EVENT 1" id="board.icu.elc.software_event_1" macroName="BSP_IRQ_CFG_ELC_SOFTWARE_EVENT_1"/>
            </group>
            <group display="FCU" id="board.icu.fcu">
                <node default="board.icu.common.irq.disabled" display="FCU FRDYI" id="board.icu.fcu.frdyi" macroName="BSP_IRQ_CFG_FCU_FRDYI"/>
            </group>
            <group display="GPT" id="board.icu.gpt">
                <group display="GPT0" id="board.icu.gpt.gpt0">
                    <node default="board.icu.common.irq.disabled" display="GPT0 CAPTURE COMPARE A" id="board.icu.gpt.gpt0.capture_compare_a" macroName="BSP_IRQ_CFG_GPT0_CAPTURE_COMPARE_A"/>
                    <node default="board.icu.common.irq.disabled" display="GPT0 CAPTURE COMPARE B" id="board.icu.gpt.gpt0.capture_compare_b" macroName="BSP_IRQ_CFG_GPT0_CAPTURE_COMPARE_B"/>
                    <node default="board.icu.common.irq.disabled" display="GPT0 COMPARE C" id="board.icu.gpt.gpt0.compare_c" macroName="BSP_IRQ_CFG_GPT0_COMPARE_C"/>
                    <node default="board.icu.common.irq.disabled" display="GPT0 COMPARE D" id="board.icu.gpt.gpt0.compare_d" macroName="BSP_IRQ_CFG_GPT0_COMPARE_D"/>
                    <node default="board.icu.common.irq.disabled" display="GPT0 COMPARE E" id="board.icu.gpt.gpt0.compare_e" macroName="BSP_IRQ_CFG_GPT0_COMPARE_E"/>
                    <node default="board.icu.common.irq.disabled" display="GPT0 COMPARE F" id="board.icu.gpt.gpt0.compare_f" macroName="BSP_IRQ_CFG_GPT0_COMPARE_F"/>
                    <node default="board.icu.common.irq.disabled" display="GPT0 COUNTER OVERFLOW" id="board.icu.gpt.gpt0.counter_overflow" macroName="BSP_IRQ_CFG_GPT0_COUNTER_OVERFLOW"/>
                    <node default="board.icu.common.irq.disabled" display="GPT0 COUNTER UNDERFLOW" id="board.icu.gpt.gpt0.counter_underflow" macroName="BSP_IRQ_CFG_GPT0_COUNTER_UNDERFLOW"/>
                </group>
                <group display="GPT1" id="board.icu.gpt.gpt1">
                    <node default="board.icu.common.irq.disabled" display="GPT1 CAPTURE COMPARE A" id="board.icu.gpt.gpt1.capture_compare_a" macroName="BSP_IRQ_CFG_GPT1_CAPTURE_COMPARE_A"/>
                    <node default="board.icu.common.irq.disabled" display="GPT1 CAPTURE COMPARE B" id="board.icu.gpt.gpt1.capture_compare_b" macroName="BSP_IRQ_CFG_GPT1_CAPTURE_COMPARE_B"/>
                    <node default="board.icu.common.irq.disabled" display="GPT1 COMPARE C" id="board.icu.gpt.gpt1.compare_c" macroName="BSP_IRQ_CFG_GPT1_COMPARE_C"/>
                    <node default="board.icu.common.irq.disabled" display="GPT1 COMPARE D" id="board.icu.gpt.gpt1.compare_d" macroName="BSP_IRQ_CFG_GPT1_COMPARE_D"/>
                    <node default="board.icu.common.irq.disabled" display="GPT1 COMPARE E" id="board.icu.gpt.gpt1.compare_e" macroName="BSP_IRQ_CFG_GPT1_COMPARE_E"/>
                    <node default="board.icu.common.irq.disabled" display="GPT1 COMPARE F" id="board.icu.gpt.gpt1.compare_f" macroName="BSP_IRQ_CFG_GPT1_COMPARE_F"/>
                    <node default="board.icu.common.irq.disabled" display="GPT1 COUNTER OVERFLOW" id="board.icu.gpt.gpt1.counter_overflow" macroName="BSP_IRQ_CFG_GPT1_COUNTER_OVERFLOW"/>
                    <node default="board.icu.common.irq.disabled" display="GPT1 COUNTER UNDERFLOW" id="board.icu.gpt.gpt1.counter_underflow" macroName="BSP_IRQ_CFG_GPT1_COUNTER_UNDERFLOW"/>
                </group>
                <group display="GPT2" id="board.icu.gpt.gpt2">
                    <node default="board.icu.common.irq.disabled" display="GPT2 CAPTURE COMPARE A" id="board.icu.gpt.gpt2.capture_compare_a" macroName="BSP_IRQ_CFG_GPT2_CAPTURE_COMPARE_A"/>
                    <node default="board.icu.common.irq.disabled" display="GPT2 CAPTURE COMPARE B" id="board.icu.gpt.gpt2.capture_compare_b" macroName="BSP_IRQ_CFG_GPT2_CAPTURE_COMPARE_B"/>
                    <node default="board.icu.common.irq.disabled" display="GPT2 COMPARE C" id="board.icu.gpt.gpt2.compare_c" macroName="BSP_IRQ_CFG_GPT2_COMPARE_C"/>
                    <node default="board.icu.common.irq.disabled" display="GPT2 COMPARE D" id="board.icu.gpt.gpt2.compare_d" macroName="BSP_IRQ_CFG_GPT2_COMPARE_D"/>
                    <node default="board.icu.common.irq.disabled" display="GPT2 COMPARE E" id="board.icu.gpt.gpt2.compare_e" macroName="BSP_IRQ_CFG_GPT2_COMPARE_E"/>
                    <node default="board.icu.common.irq.disabled" display="GPT2 COMPARE F" id="board.icu.gpt.gpt2.compare_f" macroName="BSP_IRQ_CFG_GPT2_COMPARE_F"/>
                    <node default="board.icu.common.irq.disabled" display="GPT2 COUNTER OVERFLOW" id="board.icu.gpt.gpt2.counter_overflow" macroName="BSP_IRQ_CFG_GPT2_COUNTER_OVERFLOW"/>
                    <node default="board.icu.common.irq.disabled" display="GPT2 COUNTER UNDERFLOW" id="board.icu.gpt.gpt2.counter_underflow" macroName="BSP_IRQ_CFG_GPT2_COUNTER_UNDERFLOW"/>
                </group>
                <group display="GPT3" id="board.icu.gpt.gpt3">
                    <node default="board.icu.common.irq.disabled" display="GPT3 CAPTURE COMPARE A" id="board.icu.gpt.gpt3.capture_compare_a" macroName="BSP_IRQ_CFG_GPT3_CAPTURE_COMPARE_A"/>
                    <node default="board.icu.common.irq.disabled" display="GPT3 CAPTURE COMPARE B" id="board.icu.gpt.gpt3.capture_compare_b" macroName="BSP_IRQ_CFG_GPT3_CAPTURE_COMPARE_B"/>
                    <node default="board.icu.common.irq.disabled" display="GPT3 COMPARE C" id="board.icu.gpt.gpt3.compare_c" macroName="BSP_IRQ_CFG_GPT3_COMPARE_C"/>
                    <node default="board.icu.common.irq.disabled" display="GPT3 COMPARE D" id="board.icu.gpt.gpt3.compare_d" macroName="BSP_IRQ_CFG_GPT3_COMPARE_D"/>
                    <node default="board.icu.common.irq.disabled" display="GPT3 COMPARE E" id="board.icu.gpt.gpt3.compare_e" macroName="BSP_IRQ_CFG_GPT3_COMPARE_E"/>
                    <node default="board.icu.common.irq.disabled" display="GPT3 COMPARE F" id="board.icu.gpt.gpt3.compare_f" macroName="BSP_IRQ_CFG_GPT3_COMPARE_F"/>
                    <node default="board.icu.common.irq.disabled" display="GPT3 COUNTER OVERFLOW" id="board.icu.gpt.gpt3.counter_overflow" macroName="BSP_IRQ_CFG_GPT3_COUNTER_OVERFLOW"/>
                    <node default="board.icu.common.irq.disabled" display="GPT3 COUNTER UNDERFLOW" id="board.icu.gpt.gpt3.counter_underflow" macroName="BSP_IRQ_CFG_GPT3_COUNTER_UNDERFLOW"/>
                </group>
                <group display="GPT4" id="board.icu.gpt.gpt4">
                    <node default="board.icu.common.irq.disabled" display="GPT4 CAPTURE COMPARE A" id="board.icu.gpt.gpt4.capture_compare_a" macroName="BSP_IRQ_CFG_GPT4_CAPTURE_COMPARE_A"/>
                    <node default="board.icu.common.irq.disabled" display="GPT4 CAPTURE COMPARE B" id="board.icu.gpt.gpt4.capture_compare_b" macroName="BSP_IRQ_CFG_GPT4_CAPTURE_COMPARE_B"/>
                    <node default="board.icu.common.irq.disabled" display="GPT4 COMPARE C" id="board.icu.gpt.gpt4.compare_c" macroName="BSP_IRQ_CFG_GPT4_COMPARE_C"/>
                    <node default="board.icu.common.irq.disabled" display="GPT4 COMPARE D" id="board.icu.gpt.gpt4.compare_d" macroName="BSP_IRQ_CFG_GPT4_COMPARE_D"/>
                    <node default="board.icu.common.irq.disabled" display="GPT4 COMPARE E" id="board.icu.gpt.gpt4.compare_e" macroName="BSP_IRQ_CFG_GPT4_COMPARE_E"/>
                    <node default="board.icu.common.irq.disabled" display="GPT4 COMPARE F" id="board.icu.gpt.gpt4.compare_f" macroName="BSP_IRQ_CFG_GPT4_COMPARE_F"/>
                    <node default="board.icu.common.irq.disabled" display="GPT4 COUNTER OVERFLOW" id="board.icu.gpt.gpt4.counter_overflow" macroName="BSP_IRQ_CFG_GPT4_COUNTER_OVERFLOW"/>
                    <node default="board.icu.common.irq.disabled" display="GPT4 COUNTER UNDERFLOW" id="board.icu.gpt.gpt4.counter_underflow" macroName="BSP_IRQ_CFG_GPT4_COUNTER_UNDERFLOW"/>
                </group>
                <group display="GPT5" id="board.icu.gpt.gpt5">
                    <node default="board.icu.common.irq.disabled" display="GPT5 CAPTURE COMPARE A" id="board.icu.gpt.gpt5.capture_compare_a" macroName="BSP_IRQ_CFG_GPT5_CAPTURE_COMPARE_A"/>
                    <node default="board.icu.common.irq.disabled" display="GPT5 CAPTURE COMPARE B" id="board.icu.gpt.gpt5.capture_compare_b" macroName="BSP_IRQ_CFG_GPT5_CAPTURE_COMPARE_B"/>
                    <node default="board.icu.common.irq.disabled" display="GPT5 COMPARE C" id="board.icu.gpt.gpt5.compare_c" macroName="BSP_IRQ_CFG_GPT5_COMPARE_C"/>
                    <node default="board.icu.common.irq.disabled" display="GPT5 COMPARE D" id="board.icu.gpt.gpt5.compare_d" macroName="BSP_IRQ_CFG_GPT5_COMPARE_D"/>
                    <node default="board.icu.common.irq.disabled" display="GPT5 COMPARE E" id="board.icu.gpt.gpt5.compare_e" macroName="BSP_IRQ_CFG_GPT5_COMPARE_E"/>
                    <node default="board.icu.common.irq.disabled" display="GPT5 COMPARE F" id="board.icu.gpt.gpt5.compare_f" macroName="BSP_IRQ_CFG_GPT5_COMPARE_F"/>
                    <node default="board.icu.common.irq.disabled" display="GPT5 COUNTER OVERFLOW" id="board.icu.gpt.gpt5.counter_overflow" macroName="BSP_IRQ_CFG_GPT5_COUNTER_OVERFLOW"/>
                    <node default="board.icu.common.irq.disabled" display="GPT5 COUNTER UNDERFLOW" id="board.icu.gpt.gpt5.counter_underflow" macroName="BSP_IRQ_CFG_GPT5_COUNTER_UNDERFLOW"/>
                </group>
                <group display="GPT6" id="board.icu.gpt.gpt6">
                    <node default="board.icu.common.irq.disabled" display="GPT6 CAPTURE COMPARE A" id="board.icu.gpt.gpt6.capture_compare_a" macroName="BSP_IRQ_CFG_GPT6_CAPTURE_COMPARE_A"/>
                    <node default="board.icu.common.irq.disabled" display="GPT6 CAPTURE COMPARE B" id="board.icu.gpt.gpt6.capture_compare_b" macroName="BSP_IRQ_CFG_GPT6_CAPTURE_COMPARE_B"/>
                    <node default="board.icu.common.irq.disabled" display="GPT6 COMPARE C" id="board.icu.gpt.gpt6.compare_c" macroName="BSP_IRQ_CFG_GPT6_COMPARE_C"/>
                    <node default="board.icu.common.irq.disabled" display="GPT6 COMPARE D" id="board.icu.gpt.gpt6.compare_d" macroName="BSP_IRQ_CFG_GPT6_COMPARE_D"/>
                    <node default="board.icu.common.irq.disabled" display="GPT6 COMPARE E" id="board.icu.gpt.gpt6.compare_e" macroName="BSP_IRQ_CFG_GPT6_COMPARE_E"/>
                    <node default="board.icu.common.irq.disabled" display="GPT6 COMPARE F" id="board.icu.gpt.gpt6.compare_f" macroName="BSP_IRQ_CFG_GPT6_COMPARE_F"/>
                    <node default="board.icu.common.irq.disabled" display="GPT6 COUNTER OVERFLOW" id="board.icu.gpt.gpt6.counter_overflow" macroName="BSP_IRQ_CFG_GPT6_COUNTER_OVERFLOW"/>
                    <node default="board.icu.common.irq.disabled" display="GPT6 COUNTER UNDERFLOW" id="board.icu.gpt.gpt6.counter_underflow" macroName="BSP_IRQ_CFG_GPT6_COUNTER_UNDERFLOW"/>
                </group>
                <group display="GPT7" id="board.icu.gpt.gpt7">
                    <node default="board.icu.common.irq.disabled" display="GPT7 CAPTURE COMPARE A" id="board.icu.gpt.gpt7.capture_compare_a" macroName="BSP_IRQ_CFG_GPT7_CAPTURE_COMPARE_A"/>
                    <node default="board.icu.common.irq.disabled" display="GPT7 CAPTURE COMPARE B" id="board.icu.gpt.gpt7.capture_compare_b" macroName="BSP_IRQ_CFG_GPT7_CAPTURE_COMPARE_B"/>
                    <node default="board.icu.common.irq.disabled" display="GPT7 COMPARE C" id="board.icu.gpt.gpt7.compare_c" macroName="BSP_IRQ_CFG_GPT7_COMPARE_C"/>
                    <node default="board.icu.common.irq.disabled" display="GPT7 COMPARE D" id="board.icu.gpt.gpt7.compare_d" macroName="BSP_IRQ_CFG_GPT7_COMPARE_D"/>
                    <node default="board.icu.common.irq.disabled" display="GPT7 COMPARE E" id="board.icu.gpt.gpt7.compare_e" macroName="BSP_IRQ_CFG_GPT7_COMPARE_E"/>
                    <node default="board.icu.common.irq.disabled" display="GPT7 COMPARE F" id="board.icu.gpt.gpt7.compare_f" macroName="BSP_IRQ_CFG_GPT7_COMPARE_F"/>
                    <node default="board.icu.common.irq.disabled" display="GPT7 COUNTER OVERFLOW" id="board.icu.gpt.gpt7.counter_overflow" macroName="BSP_IRQ_CFG_GPT7_COUNTER_OVERFLOW"/>
                    <node default="board.icu.common.irq.disabled" display="GPT7 COUNTER UNDERFLOW" id="board.icu.gpt.gpt7.counter_underflow" macroName="BSP_IRQ_CFG_GPT7_COUNTER_UNDERFLOW"/>
                </group>
                <group display="GPT8" id="board.icu.gpt.gpt8">
                    <node default="board.icu.common.irq.disabled" display="GPT8 CAPTURE COMPARE A" id="board.icu.gpt.gpt8.capture_compare_a" macroName="BSP_IRQ_CFG_GPT8_CAPTURE_COMPARE_A"/>
                    <node default="board.icu.common.irq.disabled" display="GPT8 CAPTURE COMPARE B" id="board.icu.gpt.gpt8.capture_compare_b" macroName="BSP_IRQ_CFG_GPT8_CAPTURE_COMPARE_B"/>
                    <node default="board.icu.common.irq.disabled" display="GPT8 COMPARE C" id="board.icu.gpt.gpt8.compare_c" macroName="BSP_IRQ_CFG_GPT8_COMPARE_C"/>
                    <node default="board.icu.common.irq.disabled" display="GPT8 COMPARE D" id="board.icu.gpt.gpt8.compare_d" macroName="BSP_IRQ_CFG_GPT8_COMPARE_D"/>
                    <node default="board.icu.common.irq.disabled" display="GPT8 COMPARE E" id="board.icu.gpt.gpt8.compare_e" macroName="BSP_IRQ_CFG_GPT8_COMPARE_E"/>
                    <node default="board.icu.common.irq.disabled" display="GPT8 COMPARE F" id="board.icu.gpt.gpt8.compare_f" macroName="BSP_IRQ_CFG_GPT8_COMPARE_F"/>
                    <node default="board.icu.common.irq.disabled" display="GPT8 COUNTER OVERFLOW" id="board.icu.gpt.gpt8.counter_overflow" macroName="BSP_IRQ_CFG_GPT8_COUNTER_OVERFLOW"/>
                    <node default="board.icu.common.irq.disabled" display="GPT8 COUNTER UNDERFLOW" id="board.icu.gpt.gpt8.counter_underflow" macroName="BSP_IRQ_CFG_GPT8_COUNTER_UNDERFLOW"/>
                </group>
                <group display="GPT9" id="board.icu.gpt.gpt9">
                    <node default="board.icu.common.irq.disabled" display="GPT9 CAPTURE COMPARE A" id="board.icu.gpt.gpt9.capture_compare_a" macroName="BSP_IRQ_CFG_GPT9_CAPTURE_COMPARE_A"/>
                    <node default="board.icu.common.irq.disabled" display="GPT9 CAPTURE COMPARE B" id="board.icu.gpt.gpt9.capture_compare_b" macroName="BSP_IRQ_CFG_GPT9_CAPTURE_COMPARE_B"/>
                    <node default="board.icu.common.irq.disabled" display="GPT9 COMPARE C" id="board.icu.gpt.gpt9.compare_c" macroName="BSP_IRQ_CFG_GPT9_COMPARE_C"/>
                    <node default="board.icu.common.irq.disabled" display="GPT9 COMPARE D" id="board.icu.gpt.gpt9.compare_d" macroName="BSP_IRQ_CFG_GPT9_COMPARE_D"/>
                    <node default="board.icu.common.irq.disabled" display="GPT9 COMPARE E" id="board.icu.gpt.gpt9.compare_e" macroName="BSP_IRQ_CFG_GPT9_COMPARE_E"/>
                    <node default="board.icu.common.irq.disabled" display="GPT9 COMPARE F" id="board.icu.gpt.gpt9.compare_f" macroName="BSP_IRQ_CFG_GPT9_COMPARE_F"/>
                    <node default="board.icu.common.irq.disabled" display="GPT9 COUNTER OVERFLOW" id="board.icu.gpt.gpt9.counter_overflow" macroName="BSP_IRQ_CFG_GPT9_COUNTER_OVERFLOW"/>
                    <node default="board.icu.common.irq.disabled" display="GPT9 COUNTER UNDERFLOW" id="board.icu.gpt.gpt9.counter_underflow" macroName="BSP_IRQ_CFG_GPT9_COUNTER_UNDERFLOW"/>
                </group>
            </group>
            <group display="ICU" id="board.icu.icu">
                <node default="board.icu.common.irq.disabled" display="ICU IRQ0" id="board.icu.icu.irq0" macroName="BSP_IRQ_CFG_ICU_IRQ0"/>
                <node default="board.icu.common.irq.disabled" display="ICU IRQ1" id="board.icu.icu.irq1" macroName="BSP_IRQ_CFG_ICU_IRQ1"/>
                <node default="board.icu.common.irq.disabled" display="ICU IRQ2" id="board.icu.icu.irq2" macroName="BSP_IRQ_CFG_ICU_IRQ2"/>
                <node default="board.icu.common.irq.disabled" display="ICU IRQ3" id="board.icu.icu.irq3" macroName="BSP_IRQ_CFG_ICU_IRQ3"/>
                <node default="board.icu.common.irq.disabled" display="ICU IRQ4" id="board.icu.icu.irq4" macroName="BSP_IRQ_CFG_ICU_IRQ4"/>
                <node default="board.icu.common.irq.disabled" display="ICU IRQ5" id="board.icu.icu.irq5" macroName="BSP_IRQ_CFG_ICU_IRQ5"/>
                <node default="board.icu.common.irq.disabled" display="ICU IRQ6" id="board.icu.icu.irq6" macroName="BSP_IRQ_CFG_ICU_IRQ6"/>
                <node default="board.icu.common.irq.disabled" display="ICU IRQ7" id="board.icu.icu.irq7" macroName="BSP_IRQ_CFG_ICU_IRQ7"/>
                <node default="board.icu.common.irq.disabled" display="ICU IRQ8" id="board.icu.icu.irq8" macroName="BSP_IRQ_CFG_ICU_IRQ8"/>
                <node default="board.icu.common.irq.disabled" display="ICU IRQ9" id="board.icu.icu.irq9" macroName="BSP_IRQ_CFG_ICU_IRQ9"/>
                <node default="board.icu.common.irq.disabled" display="ICU IRQ10" id="board.icu.icu.irq10" macroName="BSP_IRQ_CFG_ICU_IRQ10"/>
                <node default="board.icu.common.irq.disabled" display="ICU IRQ11" id="board.icu.icu.irq11" macroName="BSP_IRQ_CFG_ICU_IRQ11"/>
                <node default="board.icu.common.irq.disabled" display="ICU IRQ12" id="board.icu.icu.irq12" macroName="BSP_IRQ_CFG_ICU_IRQ12"/>
                <node default="board.icu.common.irq.disabled" display="ICU IRQ13" id="board.icu.icu.irq13" macroName="BSP_IRQ_CFG_ICU_IRQ13"/>
                <node default="board.icu.common.irq.disabled" display="ICU IRQ14" id="board.icu.icu.irq14" macroName="BSP_IRQ_CFG_ICU_IRQ14"/>
                <node default="board.icu.common.irq.disabled" display="ICU IRQ15" id="board.icu.icu.irq15" macroName="BSP_IRQ_CFG_ICU_IRQ15"/>
                <node default="board.icu.common.irq.disabled" display="ICU SNOOZE CANCEL" id="board.icu.icu.snooze_cancel" macroName="BSP_IRQ_CFG_ICU_SNOOZE_CANCEL"/>
            </group>
            <group display="IIC" id="board.icu.iic">
                <group display="IIC0" id="board.icu.iic.iic0">
                    <node default="board.icu.common.irq.disabled" display="IIC0 RXI" id="board.icu.iic.iic0.rxi" macroName="BSP_IRQ_CFG_IIC0_RXI"/>
                    <node default="board.icu.common.irq.disabled" display="IIC0 TXI" id="board.icu.iic.iic0.txi" macroName="BSP_IRQ_CFG_IIC0_TXI"/>
                    <node default="board.icu.common.irq.disabled" display="IIC0 TEI" id="board.icu.iic.iic0.tei" macroName="BSP_IRQ_CFG_IIC0_TEI"/>
                    <node default="board.icu.common.irq.disabled" display="IIC0 ERI" id="board.icu.iic.iic0.eri" macroName="BSP_IRQ_CFG_IIC0_ERI"/>
                    <node default="board.icu.common.irq.disabled" display="IIC0 WUI" id="board.icu.iic.iic0.wui" macroName="BSP_IRQ_CFG_IIC0_WUI"/>
                </group>
                <group display="IIC1" id="board.icu.iic.iic1">
                    <node default="board.icu.common.irq.disabled" display="IIC1 RXI" id="board.icu.iic.iic1.rxi" macroName="BSP_IRQ_CFG_IIC1_RXI"/>
                    <node default="board.icu.common.irq.disabled" display="IIC1 TXI" id="board.icu.iic.iic1.txi" macroName="BSP_IRQ_CFG_IIC1_TXI"/>
                    <node default="board.icu.common.irq.disabled" display="IIC1 TEI" id="board.icu.iic.iic1.tei" macroName="BSP_IRQ_CFG_IIC1_TEI"/>
                    <node default="board.icu.common.irq.disabled" display="IIC1 ERI" id="board.icu.iic.iic1.eri" macroName="BSP_IRQ_CFG_IIC1_ERI"/>
                </group>
                <group display="IIC2" id="board.icu.iic.iic2">
                    <node default="board.icu.common.irq.disabled" display="IIC2 RXI" id="board.icu.iic.iic2.rxi" macroName="BSP_IRQ_CFG_IIC2_RXI"/>
                    <node default="board.icu.common.irq.disabled" display="IIC2 TXI" id="board.icu.iic.iic2.txi" macroName="BSP_IRQ_CFG_IIC2_TXI"/>
                    <node default="board.icu.common.irq.disabled" display="IIC2 TEI" id="board.icu.iic.iic2.tei" macroName="BSP_IRQ_CFG_IIC2_TEI"/>
                    <node default="board.icu.common.irq.disabled" display="IIC2 ERI" id="board.icu.iic.iic2.eri" macroName="BSP_IRQ_CFG_IIC2_ERI"/>
                </group>
            </group>
            <group display="IOPORT" id="board.icu.ioport">
                <node default="board.icu.common.irq.disabled" display="IOPORT EVENT 1" id="board.icu.ioport.event_1" macroName="BSP_IRQ_CFG_IOPORT_EVENT_1"/>
                <node default="board.icu.common.irq.disabled" display="IOPORT EVENT 2" id="board.icu.ioport.event_2" macroName="BSP_IRQ_CFG_IOPORT_EVENT_2"/>
                <node default="board.icu.common.irq.disabled" display="IOPORT EVENT 3" id="board.icu.ioport.event_3" macroName="BSP_IRQ_CFG_IOPORT_EVENT_3"/>
                <node default="board.icu.common.irq.disabled" display="IOPORT EVENT 4" id="board.icu.ioport.event_4" macroName="BSP_IRQ_CFG_IOPORT_EVENT_4"/>
            </group>
            <group display="IWDT" id="board.icu.iwdt">
                <node default="board.icu.common.irq.disabled" display="IWDT UNDERFLOW" id="board.icu.iwdt.underflow" macroName="BSP_IRQ_CFG_IWDT_UNDERFLOW"/>
            </group>
            <group display="KEY" id="board.icu.key">
                <node default="board.icu.common.irq.disabled" display="KEY INT" id="board.icu.key.int" macroName="BSP_IRQ_CFG_KEY_INT"/>
            </group>
            <group display="LPM" id="board.icu.lpm">
                <node default="board.icu.common.irq.disabled" display="LPM SNOOZE REQUEST" id="board.icu.lpm.snooze_request" macroName="BSP_IRQ_CFG_LPM_SNOOZE_REQUEST"/>
            </group>
            <group display="LVD" id="board.icu.lvd">
                <node default="board.icu.common.irq.disabled" display="LVD LVD1" id="board.icu.lvd.lvd1" macroName="BSP_IRQ_CFG_LVD_LVD1"/>
                <node default="board.icu.common.irq.disabled" display="LVD LVD2" id="board.icu.lvd.lvd2" macroName="BSP_IRQ_CFG_LVD_LVD2"/>
            </group>
            <group display="OPS" id="board.icu.ops">
                <node default="board.icu.common.irq.disabled" display="OPS UVW EDGE" id="board.icu.ops.uvw_edge" macroName="BSP_IRQ_CFG_OPS_UVW_EDGE"/>
            </group>
            <group display="POEG" id="board.icu.poeg">
                <group display="POEG0" id="board.icu.poeg.poeg0">
                    <node default="board.icu.common.irq.disabled" display="POEG0 EVENT" id="board.icu.poeg.poeg0.event" macroName="BSP_IRQ_CFG_POEG0_EVENT"/>
                </group>
                <group display="POEG1" id="board.icu.poeg.poeg1">
                    <node default="board.icu.common.irq.disabled" display="POEG1 EVENT" id="board.icu.poeg.poeg1.event" macroName="BSP_IRQ_CFG_POEG1_EVENT"/>
                </group>
                <group display="POEG2" id="board.icu.poeg.poeg2">
                    <node default="board.icu.common.irq.disabled" display="POEG2 EVENT" id="board.icu.poeg.poeg2.event" macroName="BSP_IRQ_CFG_POEG2_EVENT"/>
                </group>
                <group display="POEG3" id="board.icu.poeg.poeg3">
                    <node default="board.icu.common.irq.disabled" display="POEG3 EVENT" id="board.icu.poeg.poeg3.event" macroName="BSP_IRQ_CFG_POEG3_EVENT"/>
                </group>
            </group>
            <group display="QSPI" id="board.icu.qspi">
                <node default="board.icu.common.irq.disabled" display="QSPI INT" id="board.icu.qspi.int" macroName="BSP_IRQ_CFG_QSPI_INT"/>
            </group>
            <group display="RTC" id="board.icu.rtc">
                <node default="board.icu.common.irq.disabled" display="RTC ALARM" id="board.icu.rtc.alarm" macroName="BSP_IRQ_CFG_RTC_ALARM"/>
                <node default="board.icu.common.irq.disabled" display="RTC PERIOD" id="board.icu.rtc.period" macroName="BSP_IRQ_CFG_RTC_PERIOD"/>
                <node default="board.icu.common.irq.disabled" display="RTC CARRY" id="board.icu.rtc.carry" macroName="BSP_IRQ_CFG_RTC_CARRY"/>
            </group>
            <group display="SCE" id="board.icu.sce">
                <node default="board.icu.common.irq.disabled" display="SCE PROC BUSY" id="board.icu.sce.proc_busy" macroName="BSP_IRQ_CFG_SCE_PROC_BUSY"/>
                <node default="board.icu.common.irq.disabled" display="SCE ROMOK" id="board.icu.sce.romok" macroName="BSP_IRQ_CFG_SCE_ROMOK"/>
                <node default="board.icu.common.irq.disabled" display="SCE LONG PLG" id="board.icu.sce.long_plg" macroName="BSP_IRQ_CFG_SCE_LONG_PLG"/>
                <node default="board.icu.common.irq.disabled" display="SCE TEST BUSY" id="board.icu.sce.test_busy" macroName="BSP_IRQ_CFG_SCE_TEST_BUSY"/>
                <node default="board.icu.common.irq.disabled" display="SCE WRRDY 0" id="board.icu.sce.wrrdy_0" macroName="BSP_IRQ_CFG_SCE_WRRDY_0"/>
                <node default="board.icu.common.irq.disabled" display="SCE WRRDY 1" id="board.icu.sce.wrrdy_1" macroName="BSP_IRQ_CFG_SCE_WRRDY_1"/>
                <node default="board.icu.common.irq.disabled" display="SCE WRRDY 4" id="board.icu.sce.wrrdy_4" macroName="BSP_IRQ_CFG_SCE_WRRDY_4"/>
                <node default="board.icu.common.irq.disabled" display="SCE RDRDY 0" id="board.icu.sce.rdrdy_0" macroName="BSP_IRQ_CFG_SCE_RDRDY_0"/>
                <node default="board.icu.common.irq.disabled" display="SCE RDRDY 1" id="board.icu.sce.rdrdy_1" macroName="BSP_IRQ_CFG_SCE_RDRDY_1"/>
                <node default="board.icu.common.irq.disabled" display="SCE INTEGRATE WRRDY" id="board.icu.sce.integrate_wrrdy" macroName="BSP_IRQ_CFG_SCE_INTEGRATE_WRRDY"/>
                <node default="board.icu.common.irq.disabled" display="SCE INTEGRATE RDRDY" id="board.icu.sce.integrate_rdrdy" macroName="BSP_IRQ_CFG_SCE_INTEGRATE_RDRDY"/>
            </group>
            <group display="SCI" id="board.icu.sci">
                <group display="SCI0" id="board.icu.sci.sci0">
                    <node default="board.icu.common.irq.disabled" display="SCI0 RXI" id="board.icu.sci.sci0.rxi" macroName="BSP_IRQ_CFG_SCI0_RXI"/>
                    <node default="board.icu.common.irq.disabled" display="SCI0 TXI" id="board.icu.sci.sci0.txi" macroName="BSP_IRQ_CFG_SCI0_TXI"/>
                    <node default="board.icu.common.irq.disabled" display="SCI0 TEI" id="board.icu.sci.sci0.tei" macroName="BSP_IRQ_CFG_SCI0_TEI"/>
                    <node default="board.icu.common.irq.disabled" display="SCI0 ERI" id="board.icu.sci.sci0.eri" macroName="BSP_IRQ_CFG_SCI0_ERI"/>
                    <node default="board.icu.common.irq.disabled" display="SCI0 AM" id="board.icu.sci.sci0.am" macroName="BSP_IRQ_CFG_SCI0_AM"/>
                    <node default="board.icu.common.irq.disabled" display="SCI0 RXI OR ERI" id="board.icu.sci.sci0.rxi_or_eri" macroName="BSP_IRQ_CFG_SCI0_RXI_OR_ERI"/>
                </group>
                <group display="SCI1" id="board.icu.sci.sci1">
                    <node default="board.icu.common.irq.disabled" display="SCI1 RXI" id="board.icu.sci.sci1.rxi" macroName="BSP_IRQ_CFG_SCI1_RXI"/>
                    <node default="board.icu.common.irq.disabled" display="SCI1 TXI" id="board.icu.sci.sci1.txi" macroName="BSP_IRQ_CFG_SCI1_TXI"/>
                    <node default="board.icu.common.irq.disabled" display="SCI1 TEI" id="board.icu.sci.sci1.tei" macroName="BSP_IRQ_CFG_SCI1_TEI"/>
                    <node default="board.icu.common.irq.disabled" display="SCI1 ERI" id="board.icu.sci.sci1.eri" macroName="BSP_IRQ_CFG_SCI1_ERI"/>
                    <node default="board.icu.common.irq.disabled" display="SCI1 AM" id="board.icu.sci.sci1.am" macroName="BSP_IRQ_CFG_SCI1_AM"/>
                </group>
                <group display="SCI2" id="board.icu.sci.sci2">
                    <node default="board.icu.common.irq.disabled" display="SCI2 RXI" id="board.icu.sci.sci2.rxi" macroName="BSP_IRQ_CFG_SCI2_RXI"/>
                    <node default="board.icu.common.irq.disabled" display="SCI2 TXI" id="board.icu.sci.sci2.txi" macroName="BSP_IRQ_CFG_SCI2_TXI"/>
                    <node default="board.icu.common.irq.disabled" display="SCI2 TEI" id="board.icu.sci.sci2.tei" macroName="BSP_IRQ_CFG_SCI2_TEI"/>
                    <node default="board.icu.common.irq.disabled" display="SCI2 ERI" id="board.icu.sci.sci2.eri" macroName="BSP_IRQ_CFG_SCI2_ERI"/>
                    <node default="board.icu.common.irq.disabled" display="SCI2 AM" id="board.icu.sci.sci2.am" macroName="BSP_IRQ_CFG_SCI2_AM"/>
                </group>
                <group display="SCI3" id="board.icu.sci.sci3">
                    <node default="board.icu.common.irq.disabled" display="SCI3 RXI" id="board.icu.sci.sci3.rxi" macroName="BSP_IRQ_CFG_SCI3_RXI"/>
                    <node default="board.icu.common.irq.disabled" display="SCI3 TXI" id="board.icu.sci.sci3.txi" macroName="BSP_IRQ_CFG_SCI3_TXI"/>
                    <node default="board.icu.common.irq.disabled" display="SCI3 TEI" id="board.icu.sci.sci3.tei" macroName="BSP_IRQ_CFG_SCI3_TEI"/>
                    <node default="board.icu.common.irq.disabled" display="SCI3 ERI" id="board.icu.sci.sci3.eri" macroName="BSP_IRQ_CFG_SCI3_ERI"/>
                    <node default="board.icu.common.irq.disabled" display="SCI3 AM" id="board.icu.sci.sci3.am" macroName="BSP_IRQ_CFG_SCI3_AM"/>
                </group>
                <group display="SCI4" id="board.icu.sci.sci4">
                    <node default="board.icu.common.irq.disabled" display="SCI4 RXI" id="board.icu.sci.sci4.rxi" macroName="BSP_IRQ_CFG_SCI4_RXI"/>
                    <node default="board.icu.common.irq.disabled" display="SCI4 TXI" id="board.icu.sci.sci4.txi" macroName="BSP_IRQ_CFG_SCI4_TXI"/>
                    <node default="board.icu.common.irq.disabled" display="SCI4 TEI" id="board.icu.sci.sci4.tei" macroName="BSP_IRQ_CFG_SCI4_TEI"/>
                    <node default="board.icu.common.irq.disabled" display="SCI4 ERI" id="board.icu.sci.sci4.eri" macroName="BSP_IRQ_CFG_SCI4_ERI"/>
                    <node default="board.icu.common.irq.disabled" display="SCI4 AM" id="board.icu.sci.sci4.am" macroName="BSP_IRQ_CFG_SCI4_AM"/>
                </group>
                <group display="SCI9" id="board.icu.sci.sci9">
                    <node default="board.icu.common.irq.disabled" display="SCI9 RXI" id="board.icu.sci.sci9.rxi" macroName="BSP_IRQ_CFG_SCI9_RXI"/>
                    <node default="board.icu.common.irq.disabled" display="SCI9 TXI" id="board.icu.sci.sci9.txi" macroName="BSP_IRQ_CFG_SCI9_TXI"/>
                    <node default="board.icu.common.irq.disabled" display="SCI9 TEI" id="board.icu.sci.sci9.tei" macroName="BSP_IRQ_CFG_SCI9_TEI"/>
                    <node default="board.icu.common.irq.disabled" display="SCI9 ERI" id="board.icu.sci.sci9.eri" macroName="BSP_IRQ_CFG_SCI9_ERI"/>
                    <node default="board.icu.common.irq.disabled" display="SCI9 AM" id="board.icu.sci.sci9.am" macroName="BSP_IRQ_CFG_SCI9_AM"/>
                </group>
            </group>
            <group display="SDHIMMC" id="board.icu.sdhimmc">
                <group display="SDHIMMC0" id="board.icu.sdhimmc.sdhimmc0">
                    <node default="board.icu.common.irq.disabled" display="SDHIMMC0 ACCS" id="board.icu.sdhimmc.sdhimmc0.accs" macroName="BSP_IRQ_CFG_SDHIMMC0_ACCS"/>
                    <node default="board.icu.common.irq.disabled" display="SDHIMMC0 SDIO" id="board.icu.sdhimmc.sdhimmc0.sdio" macroName="BSP_IRQ_CFG_SDHIMMC0_SDIO"/>
                    <node default="board.icu.common.irq.disabled" display="SDHIMMC0 CARD" id="board.icu.sdhimmc.sdhimmc0.card" macroName="BSP_IRQ_CFG_SDHIMMC0_CARD"/>
                    <node default="board.icu.common.irq.disabled" display="SDHIMMC0 DMA REQ" id="board.icu.sdhimmc.sdhimmc0.dma_req" macroName="BSP_IRQ_CFG_SDHIMMC0_DMA_REQ"/>
                </group>
            </group>
            <group display="SPI" id="board.icu.spi">
                <group display="SPI0" id="board.icu.spi.spi0">
                    <node default="board.icu.common.irq.disabled" display="SPI0 RXI" id="board.icu.spi.spi0.rxi" macroName="BSP_IRQ_CFG_SPI0_RXI"/>
                    <node default="board.icu.common.irq.disabled" display="SPI0 TXI" id="board.icu.spi.spi0.txi" macroName="BSP_IRQ_CFG_SPI0_TXI"/>
                    <node default="board.icu.common.irq.disabled" display="SPI0 IDLE" id="board.icu.spi.spi0.idle" macroName="BSP_IRQ_CFG_SPI0_IDLE"/>
                    <node default="board.icu.common.irq.disabled" display="SPI0 ERI" id="board.icu.spi.spi0.eri" macroName="BSP_IRQ_CFG_SPI0_ERI"/>
                    <node default="board.icu.common.irq.disabled" display="SPI0 TEI" id="board.icu.spi.spi0.tei" macroName="BSP_IRQ_CFG_SPI0_TEI"/>
                </group>
                <group display="SPI1" id="board.icu.spi.spi1">
                    <node default="board.icu.common.irq.disabled" display="SPI1 RXI" id="board.icu.spi.spi1.rxi" macroName="BSP_IRQ_CFG_SPI1_RXI"/>
                    <node default="board.icu.common.irq.disabled" display="SPI1 TXI" id="board.icu.spi.spi1.txi" macroName="BSP_IRQ_CFG_SPI1_TXI"/>
                    <node default="board.icu.common.irq.disabled" display="SPI1 IDLE" id="board.icu.spi.spi1.idle" macroName="BSP_IRQ_CFG_SPI1_IDLE"/>
                    <node default="board.icu.common.irq.disabled" display="SPI1 ERI" id="board.icu.spi.spi1.eri" macroName="BSP_IRQ_CFG_SPI1_ERI"/>
                    <node default="board.icu.common.irq.disabled" display="SPI1 TEI" id="board.icu.spi.spi1.tei" macroName="BSP_IRQ_CFG_SPI1_TEI"/>
                </group>
            </group>
            <group display="SSI" id="board.icu.ssi">
                <group display="SSI0" id="board.icu.ssi.ssi0">
                    <node default="board.icu.common.irq.disabled" display="SSI0 TXI" id="board.icu.ssi.ssi0.txi" macroName="BSP_IRQ_CFG_SSI0_TXI"/>
                    <node default="board.icu.common.irq.disabled" display="SSI0 RXI" id="board.icu.ssi.ssi0.rxi" macroName="BSP_IRQ_CFG_SSI0_RXI"/>
                    <node default="board.icu.common.irq.disabled" display="SSI0 INT" id="board.icu.ssi.ssi0.int" macroName="BSP_IRQ_CFG_SSI0_INT"/>
                </group>
                <group display="SSI1" id="board.icu.ssi.ssi1">
                    <node default="board.icu.common.irq.disabled" display="SSI1 TXI RXI" id="board.icu.ssi.ssi1.txi_rxi" macroName="BSP_IRQ_CFG_SSI1_TXI_RXI"/>
                    <node default="board.icu.common.irq.disabled" display="SSI1 INT" id="board.icu.ssi.ssi1.int" macroName="BSP_IRQ_CFG_SSI1_INT"/>
                </group>
            </group>
            <group display="USBFS" id="board.icu.usbfs">
                <node default="board.icu.common.irq.disabled" display="USBFS FIFO 0" id="board.icu.usbfs.fifo_0" macroName="BSP_IRQ_CFG_USBFS_FIFO_0"/>
                <node default="board.icu.common.irq.disabled" display="USBFS FIFO 1" id="board.icu.usbfs.fifo_1" macroName="BSP_IRQ_CFG_USBFS_FIFO_1"/>
                <node default="board.icu.common.irq.disabled" display="USBFS INT" id="board.icu.usbfs.int" macroName="BSP_IRQ_CFG_USBFS_INT"/>
                <node default="board.icu.common.irq.disabled" display="USBFS RESUME" id="board.icu.usbfs.resume" macroName="BSP_IRQ_CFG_USBFS_RESUME"/>
            </group>
            <group display="VBATT" id="board.icu.vbatt">
                <node default="board.icu.common.irq.disabled" display="VBATT LVD" id="board.icu.vbatt.lvd" macroName="BSP_IRQ_CFG_VBATT_LVD"/>
            </group>
            <group display="WDT" id="board.icu.wdt">
                <node default="board.icu.common.irq.disabled" display="WDT UNDERFLOW" id="board.icu.wdt.underflow" macroName="BSP_IRQ_CFG_WDT_UNDERFLOW"/>
            </group>
        </icu>
        <clock>
            <node id="board.clock.xtal.freq" xhint="0" yhint="0" default="12000000" tooltip="Click to edit the XTAL frequency.">
                <option id="_edit" display="XTAL ${value}Hz" macroName="BSP_CFG_XTAL_HZ" macroValue="(${value})" />
            </node>
            <node id="board.clock.pll.source" xhint="1" yhint="1" default="board.clock.pll.source.xtal">
                <option id="board.clock.pll.source.xtal" display="PLL Src: XTAL" input="board.clock.xtal.freq" macroName="BSP_CFG_PLL_SOURCE" macroValue="(CGC_CLOCK_MAIN_OSC)" />
            </node>
            <node id="board.clock.hoco.freq" xhint="0" yhint="5" default="board.clock.hoco.freq.24m">
                <option id="board.clock.hoco.freq.24m" display="HOCO 24MHz" mul="24000000" macroName="BSP_CFG_HOCO_FREQUENCY" macroValue="(0)" />
                <option id="board.clock.hoco.freq.32m" display="HOCO 32MHz" mul="32000000" macroName="BSP_CFG_HOCO_FREQUENCY" macroValue="(2)" />
                <option id="board.clock.hoco.freq.48m" display="HOCO 48MHz" mul="48000000" macroName="BSP_CFG_HOCO_FREQUENCY" macroValue="(4)" />
                <option id="board.clock.hoco.freq.64m" display="HOCO 64MHz" mul="64000000" macroName="BSP_CFG_HOCO_FREQUENCY" macroValue="(5)" />
            </node>
            <node id="board.clock.loco.freq" xhint="0" yhint="6" default="board.clock.loco.freq.32768">
                <option id="board.clock.loco.freq.32768" display="LOCO 32768Hz" mul="32768" />
            </node>
            <node id="board.clock.moco.freq" xhint="0" yhint="7" default="board.clock.moco.freq.8m">
                <option id="board.clock.moco.freq.8m" display="MOCO 8MHz" mul="8000000" />
            </node>
            <node id="board.clock.subclk.freq" xhint="0" yhint="8" default="board.clock.subclk.freq.32768">
                <option id="board.clock.subclk.freq.32768" display="SUBCLK 32768Hz" mul="32768" />
            </node>
            <node id="board.clock.pll.div" xhint="1" yhint="2" default="board.clock.pll.div.2">
                <option id="board.clock.pll.div.1" display="PLL Div /1" div="1" input="board.clock.pll.source" macroName="BSP_CFG_PLL_DIV" macroValue="(CGC_PLL_DIV_1)" />
                <option id="board.clock.pll.div.2" display="PLL Div /2" div="2" input="board.clock.pll.source" macroName="BSP_CFG_PLL_DIV" macroValue="(CGC_PLL_DIV_2)" />
                <option id="board.clock.pll.div.4" display="PLL Div /4" div="4" input="board.clock.pll.source" macroName="BSP_CFG_PLL_DIV" macroValue="(CGC_PLL_DIV_4)" />
            </node>
            <node id="board.clock.pll.mul" xhint="1" yhint="3" default="board.clock.pll.mul.8">
                <option id="board.clock.pll.mul.8" display="PLL Mul x8" mul="8" input="board.clock.pll.div" macroName="BSP_CFG_PLL_MUL" macroValue="(8)" />
                <option id="board.clock.pll.mul.9" display="PLL Mul x9" mul="9" input="board.clock.pll.div" macroName="BSP_CFG_PLL_MUL" macroValue="(9)" />
                <option id="board.clock.pll.mul.10" display="PLL Mul x10" mul="10" input="board.clock.pll.div" macroName="BSP_CFG_PLL_MUL" macroValue="(10)" />
                <option id="board.clock.pll.mul.11" display="PLL Mul x11" mul="11" input="board.clock.pll.div" macroName="BSP_CFG_PLL_MUL" macroValue="(11)" />
                <option id="board.clock.pll.mul.12" display="PLL Mul x12" mul="12" input="board.clock.pll.div" macroName="BSP_CFG_PLL_MUL" macroValue="(12)" />
                <option id="board.clock.pll.mul.13" display="PLL Mul x13" mul="13" input="board.clock.pll.div" macroName="BSP_CFG_PLL_MUL" macroValue="(13)" />
                <option id="board.clock.pll.mul.14" display="PLL Mul x14" mul="14" input="board.clock.pll.div" macroName="BSP_CFG_PLL_MUL" macroValue="(14)" />
                <option id="board.clock.pll.mul.15" display="PLL Mul x15" mul="15" input="board.clock.pll.div" macroName="BSP_CFG_PLL_MUL" macroValue="(15)" />
                <option id="board.clock.pll.mul.16" display="PLL Mul x16" mul="16" input="board.clock.pll.div" macroName="BSP_CFG_PLL_MUL" macroValue="(16)" />
                <option id="board.clock.pll.mul.17" display="PLL Mul x17" mul="17" input="board.clock.pll.div" macroName="BSP_CFG_PLL_MUL" macroValue="(17)" />
                <option id="board.clock.pll.mul.18" display="PLL Mul x18" mul="18" input="board.clock.pll.div" macroName="BSP_CFG_PLL_MUL" macroValue="(18)" />
                <option id="board.clock.pll.mul.19" display="PLL Mul x19" mul="19" input="board.clock.pll.div" macroName="BSP_CFG_PLL_MUL" macroValue="(19)" />
                <option id="board.clock.pll.mul.20" display="PLL Mul x20" mul="20" input="board.clock.pll.div" macroName="BSP_CFG_PLL_MUL" macroValue="(20)" />
                <option id="board.clock.pll.mul.21" display="PLL Mul x21" mul="21" input="board.clock.pll.div" macroName="BSP_CFG_PLL_MUL" macroValue="(21)" />
                <option id="board.clock.pll.mul.22" display="PLL Mul x22" mul="22" input="board.clock.pll.div" macroName="BSP_CFG_PLL_MUL" macroValue="(22)" />
                <option id="board.clock.pll.mul.23" display="PLL Mul x23" mul="23" input="board.clock.pll.div" macroName="BSP_CFG_PLL_MUL" macroValue="(23)" />
                <option id="board.clock.pll.mul.24" display="PLL Mul x24" mul="24" input="board.clock.pll.div" macroName="BSP_CFG_PLL_MUL" macroValue="(24)" />
                <option id="board.clock.pll.mul.25" display="PLL Mul x25" mul="25" input="board.clock.pll.div" macroName="BSP_CFG_PLL_MUL" macroValue="(25)" />
                <option id="board.clock.pll.mul.26" display="PLL Mul x26" mul="26" input="board.clock.pll.div" macroName="BSP_CFG_PLL_MUL" macroValue="(26)" />
                <option id="board.clock.pll.mul.27" display="PLL Mul x27" mul="27" input="board.clock.pll.div" macroName="BSP_CFG_PLL_MUL" macroValue="(27)" />
                <option id="board.clock.pll.mul.28" display="PLL Mul x28" mul="28" input="board.clock.pll.div" macroName="BSP_CFG_PLL_MUL" macroValue="(28)" />
                <option id="board.clock.pll.mul.29" display="PLL Mul x29" mul="29" input="board.clock.pll.div" macroName="BSP_CFG_PLL_MUL" macroValue="(29)" />
                <option id="board.clock.pll.mul.30" display="PLL Mul x30" mul="30" input="board.clock.pll.div" macroName="BSP_CFG_PLL_MUL" macroValue="(30)" />
                <option id="board.clock.pll.mul.31" display="PLL Mul x31" mul="31" input="board.clock.pll.div" macroName="BSP_CFG_PLL_MUL" macroValue="(31)" />
            </node>
            <node id="board.clock.pll.display" xhint="1" yhint="4">
                <option id="board.clock.pll.display.value" input="board.clock.pll.mul" display="PLL ${value}Hz" minValue="24000000" maxValue="64000000" />
            </node>
            <node id="board.clock.clock.source" xhint="2" yhint="4" default="board.clock.clock.source.pll">
                <option id="board.clock.clock.source.hoco" display="Clock Src: HOCO" input="board.clock.hoco.freq" macroName="BSP_CFG_CLOCK_SOURCE" macroValue="(CGC_CLOCK_HOCO)" />
                <option id="board.clock.clock.source.moco" display="Clock Src: MOCO" input="board.clock.moco.freq" macroName="BSP_CFG_CLOCK_SOURCE" macroValue="(CGC_CLOCK_MOCO)" />
                <option id="board.clock.clock.source.loco" display="Clock Src: LOCO" input="board.clock.loco.freq" macroName="BSP_CFG_CLOCK_SOURCE" macroValue="(CGC_CLOCK_LOCO)" />
                <option id="board.clock.clock.source.xtal" display="Clock Src: XTAL" input="board.clock.xtal.freq" macroName="BSP_CFG_CLOCK_SOURCE" macroValue="(CGC_CLOCK_MAIN_OSC)" />
                <option id="board.clock.clock.source.subclk" display="Clock Src: SUBCLK" input="board.clock.subclk.freq" macroName="BSP_CFG_CLOCK_SOURCE" macroValue="(CGC_CLOCK_SUBCLOCK)" />
                <option id="board.clock.clock.source.pll" display="Clock Src: PLL" input="board.clock.pll.display" macroName="BSP_CFG_CLOCK_SOURCE" macroValue="(CGC_CLOCK_PLL)" />
            </node>
            <node id="board.clock.iclk.div" xhint="3" yhint="0" default="board.clock.iclk.div.1">
                <option id="board.clock.iclk.div.1" display="ICLK Div /1" div="1" input="board.clock.clock.source" macroName="BSP_CFG_ICK_DIV" macroValue="(CGC_SYS_CLOCK_DIV_1)" />
                <option id="board.clock.iclk.div.2" display="ICLK Div /2" div="2" input="board.clock.clock.source" macroName="BSP_CFG_ICK_DIV" macroValue="(CGC_SYS_CLOCK_DIV_2)" />
                <option id="board.clock.iclk.div.4" display="ICLK Div /4" div="4" input="board.clock.clock.source" macroName="BSP_CFG_ICK_DIV" macroValue="(CGC_SYS_CLOCK_DIV_4)" />
                <option id="board.clock.iclk.div.8" display="ICLK Div /8" div="8" input="board.clock.clock.source" macroName="BSP_CFG_ICK_DIV" macroValue="(CGC_SYS_CLOCK_DIV_8)" />
                <option id="board.clock.iclk.div.16" display="ICLK Div /16" div="16" input="board.clock.clock.source" macroName="BSP_CFG_ICK_DIV" macroValue="(CGC_SYS_CLOCK_DIV_16)" />
                <option id="board.clock.iclk.div.32" display="ICLK Div /32" div="32" input="board.clock.clock.source" macroName="BSP_CFG_ICK_DIV" macroValue="(CGC_SYS_CLOCK_DIV_32)" />
                <option id="board.clock.iclk.div.64" display="ICLK Div /64" div="64" input="board.clock.clock.source" macroName="BSP_CFG_ICK_DIV" macroValue="(CGC_SYS_CLOCK_DIV_64)" />
            </node>
            <node id="board.clock.iclk.display" xhint="4" yhint="0" tooltip="The system clock (ICLK) is used as the operating clock of the CPU, DMAC, DTC, ROM and RAM.">
                <option id="board.clock.iclk.display.value" input="board.clock.iclk.div" display="ICLK ${value}Hz" maxValue="240000000" />
            </node>
            <node id="board.clock.pclka.div" xhint="3" yhint="1" default="board.clock.pclka.div.1">
                <option id="board.clock.pclka.div.1" display="PCLKA Div /1" div="1" input="board.clock.clock.source" macroName="BSP_CFG_PCKA_DIV" macroValue="(CGC_SYS_CLOCK_DIV_1)" />
                <option id="board.clock.pclka.div.2" display="PCLKA Div /2" div="2" input="board.clock.clock.source" macroName="BSP_CFG_PCKA_DIV" macroValue="(CGC_SYS_CLOCK_DIV_2)" />
                <option id="board.clock.pclka.div.4" display="PCLKA Div /4" div="4" input="board.clock.clock.source" macroName="BSP_CFG_PCKA_DIV" macroValue="(CGC_SYS_CLOCK_DIV_4)" />
                <option id="board.clock.pclka.div.8" display="PCLKA Div /8" div="8" input="board.clock.clock.source" macroName="BSP_CFG_PCKA_DIV" macroValue="(CGC_SYS_CLOCK_DIV_8)" />
                <option id="board.clock.pclka.div.16" display="PCLKA Div /16" div="16" input="board.clock.clock.source" macroName="BSP_CFG_PCKA_DIV" macroValue="(CGC_SYS_CLOCK_DIV_16)" />
                <option id="board.clock.pclka.div.32" display="PCLKA Div /32" div="32" input="board.clock.clock.source" macroName="BSP_CFG_PCKA_DIV" macroValue="(CGC_SYS_CLOCK_DIV_32)" />
                <option id="board.clock.pclka.div.64" display="PCLKA Div /64" div="64" input="board.clock.clock.source" macroName="BSP_CFG_PCKA_DIV" macroValue="(CGC_SYS_CLOCK_DIV_64)" />
            </node>
            <node id="board.clock.pclka.display" xhint="4" yhint="1" tooltip="The Peripheral clock A (PCLKA) is used as the operating clock for the ETHER, USBHS, QSPI, RSPI, SCI, TSIP, GLCD, SDHI, CRC, JPEG, G2D, GPT and Standby-RAM modules.">
                <option id="board.clock.pclka.display.value" input="board.clock.pclka.div" display="PCLKA ${value}Hz" maxValue="120000000" />
            </node>
            <node id="board.clock.pclkb.div" xhint="3" yhint="2" default="board.clock.pclkb.div.2">
                <option id="board.clock.pclkb.div.1" display="PCLKB Div /1" div="1" input="board.clock.clock.source" macroName="BSP_CFG_PCKB_DIV" macroValue="(CGC_SYS_CLOCK_DIV_1)" />
                <option id="board.clock.pclkb.div.2" display="PCLKB Div /2" div="2" input="board.clock.clock.source" macroName="BSP_CFG_PCKB_DIV" macroValue="(CGC_SYS_CLOCK_DIV_2)" />
                <option id="board.clock.pclkb.div.4" display="PCLKB Div /4" div="4" input="board.clock.clock.source" macroName="BSP_CFG_PCKB_DIV" macroValue="(CGC_SYS_CLOCK_DIV_4)" />
                <option id="board.clock.pclkb.div.8" display="PCLKB Div /8" div="8" input="board.clock.clock.source" macroName="BSP_CFG_PCKB_DIV" macroValue="(CGC_SYS_CLOCK_DIV_8)" />
                <option id="board.clock.pclkb.div.16" display="PCLKB Div /16" div="16" input="board.clock.clock.source" macroName="BSP_CFG_PCKB_DIV" macroValue="(CGC_SYS_CLOCK_DIV_16)" />
                <option id="board.clock.pclkb.div.32" display="PCLKB Div /32" div="32" input="board.clock.clock.source" macroName="BSP_CFG_PCKB_DIV" macroValue="(CGC_SYS_CLOCK_DIV_32)" />
                <option id="board.clock.pclkb.div.64" display="PCLKB Div /64" div="64" input="board.clock.clock.source" macroName="BSP_CFG_PCKB_DIV" macroValue="(CGC_SYS_CLOCK_DIV_64)" />
            </node>
            <node id="board.clock.pclkb.display" xhint="4" yhint="2" tooltip="The Peripheral clock B (PCLKB) is used as the operating clock for all other modules not supported by PCLKA, PCLKC and PCLKD.">
                <option id="board.clock.pclkb.display.value" input="board.clock.pclkb.div" display="PCLKB ${value}Hz" maxValue="60000000" />
            </node>
            <node id="board.clock.pclkc.div" xhint="3" yhint="3" default="board.clock.pclkc.div.1">
                <option id="board.clock.pclkc.div.1" display="PCLKC Div /1" div="1" input="board.clock.clock.source" macroName="BSP_CFG_PCKC_DIV" macroValue="(CGC_SYS_CLOCK_DIV_1)" />
                <option id="board.clock.pclkc.div.2" display="PCLKC Div /2" div="2" input="board.clock.clock.source" macroName="BSP_CFG_PCKC_DIV" macroValue="(CGC_SYS_CLOCK_DIV_2)" />
                <option id="board.clock.pclkc.div.4" display="PCLKC Div /4" div="4" input="board.clock.clock.source" macroName="BSP_CFG_PCKC_DIV" macroValue="(CGC_SYS_CLOCK_DIV_4)" />
                <option id="board.clock.pclkc.div.8" display="PCLKC Div /8" div="8" input="board.clock.clock.source" macroName="BSP_CFG_PCKC_DIV" macroValue="(CGC_SYS_CLOCK_DIV_8)" />
                <option id="board.clock.pclkc.div.16" display="PCLKC Div /16" div="16" input="board.clock.clock.source" macroName="BSP_CFG_PCKC_DIV" macroValue="(CGC_SYS_CLOCK_DIV_16)" />
                <option id="board.clock.pclkc.div.32" display="PCLKC Div /32" div="32" input="board.clock.clock.source" macroName="BSP_CFG_PCKC_DIV" macroValue="(CGC_SYS_CLOCK_DIV_32)" />
                <option id="board.clock.pclkc.div.64" display="PCLKC Div /64" div="64" input="board.clock.clock.source" macroName="BSP_CFG_PCKC_DIV" macroValue="(CGC_SYS_CLOCK_DIV_64)" />
            </node>
            <node id="board.clock.pclkc.display" xhint="4" yhint="3" tooltip="The Peripheral clock C (PCLKC) is used as the operating clock for the ADC modules.">
                <option id="board.clock.pclkc.display.value" input="board.clock.pclkc.div" display="PCLKC ${value}Hz" maxValue="60000000" />
            </node>
            <node id="board.clock.pclkd.div" xhint="3" yhint="4" default="board.clock.pclkd.div.1">
                <option id="board.clock.pclkd.div.1" display="PCLKD Div /1" div="1" input="board.clock.clock.source" macroName="BSP_CFG_PCKD_DIV" macroValue="(CGC_SYS_CLOCK_DIV_1)" />
                <option id="board.clock.pclkd.div.2" display="PCLKD Div /2" div="2" input="board.clock.clock.source" macroName="BSP_CFG_PCKD_DIV" macroValue="(CGC_SYS_CLOCK_DIV_2)" />
                <option id="board.clock.pclkd.div.4" display="PCLKD Div /4" div="4" input="board.clock.clock.source" macroName="BSP_CFG_PCKD_DIV" macroValue="(CGC_SYS_CLOCK_DIV_4)" />
                <option id="board.clock.pclkd.div.8" display="PCLKD Div /8" div="8" input="board.clock.clock.source" macroName="BSP_CFG_PCKD_DIV" macroValue="(CGC_SYS_CLOCK_DIV_8)" />
                <option id="board.clock.pclkd.div.16" display="PCLKD Div /16" div="16" input="board.clock.clock.source" macroName="BSP_CFG_PCKD_DIV" macroValue="(CGC_SYS_CLOCK_DIV_16)" />
                <option id="board.clock.pclkd.div.32" display="PCLKD Div /32" div="32" input="board.clock.clock.source" macroName="BSP_CFG_PCKD_DIV" macroValue="(CGC_SYS_CLOCK_DIV_32)" />
                <option id="board.clock.pclkd.div.64" display="PCLKD Div /64" div="64" input="board.clock.clock.source" macroName="BSP_CFG_PCKD_DIV" macroValue="(CGC_SYS_CLOCK_DIV_64)" />
            </node>
            <node id="board.clock.pclkd.display" xhint="4" yhint="4" tooltip="The Peripheral clock D (PCLKD) is used as the operating clock for the GPT module.">
                <option id="board.clock.pclkd.display.value" input="board.clock.pclkd.div" display="PCLKD ${value}Hz" maxValue="120000000" />
            </node>
            <node id="board.clock.bclk.div" xhint="3" yhint="5" default="board.clock.bclk.div.2">
                <option id="board.clock.bclk.div.1" display="BCLK Div /1" div="1" input="board.clock.clock.source" macroName="BSP_CFG_BCK_DIV" macroValue="(CGC_SYS_CLOCK_DIV_1)" />
                <option id="board.clock.bclk.div.2" display="BCLK Div /2" div="2" input="board.clock.clock.source" macroName="BSP_CFG_BCK_DIV" macroValue="(CGC_SYS_CLOCK_DIV_2)" />
                <option id="board.clock.bclk.div.4" display="BCLK Div /4" div="4" input="board.clock.clock.source" macroName="BSP_CFG_BCK_DIV" macroValue="(CGC_SYS_CLOCK_DIV_4)" />
                <option id="board.clock.bclk.div.8" display="BCLK Div /8" div="8" input="board.clock.clock.source" macroName="BSP_CFG_BCK_DIV" macroValue="(CGC_SYS_CLOCK_DIV_8)" />
                <option id="board.clock.bclk.div.16" display="BCLK Div /16" div="16" input="board.clock.clock.source" macroName="BSP_CFG_BCK_DIV" macroValue="(CGC_SYS_CLOCK_DIV_16)" />
                <option id="board.clock.bclk.div.32" display="BCLK Div /32" div="32" input="board.clock.clock.source" macroName="BSP_CFG_BCK_DIV" macroValue="(CGC_SYS_CLOCK_DIV_32)" />
                <option id="board.clock.bclk.div.64" display="BCLK Div /64" div="64" input="board.clock.clock.source" macroName="BSP_CFG_BCK_DIV" macroValue="(CGC_SYS_CLOCK_DIV_64)" />
            </node>
            <node id="board.clock.bclk.display" xhint="4" yhint="5" tooltip="The external bus clock (BCLK) is an operating clock for the external bus controller.\nIt is also output externally from the BCLK pin for the external connection bus.">
                <option id="board.clock.bclk.display.value" input="board.clock.bclk.div" display="BCLK ${value}Hz" maxValue="32000000" />
            </node>
            <node id="board.clock.bclkout.div" xhint="3" yhint="6" default="board.clock.bclkout.div.2">
                <option id="board.clock.bclkout.div.0" display="No output" mul="0" input="board.clock.bclk.div" macroName="BSP_CFG_BCLK_OUTPUT" macroValue="(0)" />
                <option id="board.clock.bclkout.div.1" display="BCK" div="1" input="board.clock.bclk.div" macroName="BSP_CFG_BCLK_OUTPUT" macroValue="(1)" />
                <option id="board.clock.bclkout.div.2" display="BCK/2" div="2" input="board.clock.bclk.div" macroName="BSP_CFG_BCLK_OUTPUT" macroValue="(2)" />
            </node>
            <node id="board.clock.bclkout.display" xhint="4" yhint="6" tooltip="Whether to output the BCLK frequency on the BCLKOUT pin.">
                <option id="board.clock.bclkout.display.value" input="board.clock.bclkout.div" display="BCLKout ${value}Hz" maxValue="16000000" />
            </node>
            <node id="board.clock.fclk.div" xhint="3" yhint="7" default="board.clock.fclk.div.2">
                <option id="board.clock.fclk.div.1" display="FCLK Div /1" div="1" input="board.clock.clock.source" macroName="BSP_CFG_FCK_DIV" macroValue="(CGC_SYS_CLOCK_DIV_1)" />
                <option id="board.clock.fclk.div.2" display="FCLK Div /2" div="2" input="board.clock.clock.source" macroName="BSP_CFG_FCK_DIV" macroValue="(CGC_SYS_CLOCK_DIV_2)" />
                <option id="board.clock.fclk.div.4" display="FCLK Div /4" div="4" input="board.clock.clock.source" macroName="BSP_CFG_FCK_DIV" macroValue="(CGC_SYS_CLOCK_DIV_4)" />
                <option id="board.clock.fclk.div.8" display="FCLK Div /8" div="8" input="board.clock.clock.source" macroName="BSP_CFG_FCK_DIV" macroValue="(CGC_SYS_CLOCK_DIV_8)" />
                <option id="board.clock.fclk.div.16" display="FCLK Div /16" div="16" input="board.clock.clock.source" macroName="BSP_CFG_FCK_DIV" macroValue="(CGC_SYS_CLOCK_DIV_16)" />
                <option id="board.clock.fclk.div.32" display="FCLK Div /32" div="32" input="board.clock.clock.source" macroName="BSP_CFG_FCK_DIV" macroValue="(CGC_SYS_CLOCK_DIV_32)" />
                <option id="board.clock.fclk.div.64" display="FCLK Div /64" div="64" input="board.clock.clock.source" macroName="BSP_CFG_FCK_DIV" macroValue="(CGC_SYS_CLOCK_DIV_64)" />
            </node>
            <node id="board.clock.fclk.display" xhint="4" yhint="7" tooltip="The flash-interface clock (FCLK) is used as the operating clock for the flash-memory interfaces.\nThat is, FCLK is used for programming and erasure of the ROM and E2 DataFlash, and reading from the E2 DataFlash.">
                <option id="board.clock.fclk.display.value" input="board.clock.fclk.div" display="FCLK ${value}Hz" minValue="1000000" maxValue="32000000" />
            </node>            
            <node id="board.clock.uclk.display" xhint="3" yhint="8" tooltip="The USB clock (UCLK) is an operating clock for the USBFS module.\nA 48-MHz clock must be supplied to the USB module.\nWhen the USB module is used, setting must be made so that UCLK is 48 MHz.">
                <option id="board.clock.uclk.display.value" input="board.clock.clock.source" display="UCLK ${value}Hz" minValue="48000000" maxValue="48000000" />
            </node>            
        </clock>
    </board>
</synergyModuleDescription>

